profile,handicap,club,shot_id,carry_yards,offline_yards
scratch,0,driver,1,253.0,-8.6
scratch,0,driver,2,236.4,31.8
scratch,0,driver,3,258.5,-8.1
scratch,0,driver,4,260.9,18.3
scratch,0,driver,5,225.1,-22.0
scratch,0,driver,6,233.1,-4.4
scratch,0,driver,7,250.8,-22.4
scratch,0,driver,8,245.3,-7.7
scratch,0,driver,9,249.0,20.7
scratch,0,driver,10,238.7,-41.1
scratch,0,driver,11,260.1,11.0
scratch,0,driver,12,258.9,6.2
scratch,0,driver,13,250.1,-13.8
scratch,0,driver,14,263.2,-34.3
scratch,0,driver,15,255.0,2.2
scratch,0,driver,16,238.6,-12.2
scratch,0,driver,17,253.8,6.1
scratch,0,driver,18,237.4,1.0
scratch,0,driver,19,260.1,39.1
scratch,0,driver,20,248.6,-5.3
scratch,0,driver,21,247.0,-24.1
scratch,0,driver,22,240.8,4.8
scratch,0,driver,23,264.4,5.8
scratch,0,driver,24,247.3,33.2
scratch,0,driver,25,243.9,20.6
scratch,0,driver,26,244.9,9.1
scratch,0,driver,27,255.8,35.7
scratch,0,driver,28,253.8,-28.1
scratch,0,driver,29,254.4,-14.9
scratch,0,driver,30,254.6,-21.8
scratch,0,driver,31,275.8,-8.9
scratch,0,driver,32,244.2,-32.6
scratch,0,driver,33,242.9,15.8
scratch,0,driver,34,239.2,-4.8
scratch,0,driver,35,256.9,-34.9
scratch,0,driver,36,263.2,-23.9
scratch,0,driver,37,247.8,8.0
scratch,0,driver,38,238.9,20.7
scratch,0,driver,39,239.0,48.6
scratch,0,driver,40,257.3,70.6
scratch,0,driver,41,258.4,10.5
scratch,0,driver,42,256.0,-23.3
scratch,0,driver,43,241.0,-50.8
scratch,0,driver,44,252.1,6.9
scratch,0,driver,45,250.7,-19.1
scratch,0,driver,46,252.0,-9.5
scratch,0,driver,47,260.0,-14.2
scratch,0,driver,48,252.0,-2.9
scratch,0,driver,49,257.7,26.2
scratch,0,driver,50,250.1,4.3
scratch,0,driver,51,252.8,-3.3
scratch,0,driver,52,257.1,-24.4
scratch,0,driver,53,231.2,-39.8
scratch,0,driver,54,245.3,-11.2
scratch,0,driver,55,243.4,-0.8
scratch,0,driver,56,241.3,43.1
scratch,0,driver,57,245.8,3.6
scratch,0,driver,58,267.7,24.2
scratch,0,driver,59,238.5,-11.5
scratch,0,driver,60,261.2,-28.0
scratch,0,driver,61,228.4,-22.7
scratch,0,driver,62,245.1,-17.0
scratch,0,driver,63,251.3,51.7
scratch,0,driver,64,256.5,-19.3
scratch,0,driver,65,258.1,20.7
scratch,0,driver,66,259.1,-21.2
scratch,0,driver,67,244.9,22.9
scratch,0,driver,68,243.5,9.8
scratch,0,driver,69,259.9,-3.3
scratch,0,driver,70,246.9,-0.5
scratch,0,driver,71,233.5,-15.3
scratch,0,driver,72,235.2,11.2
scratch,0,driver,73,237.9,-10.5
scratch,0,driver,74,255.4,-29.0
scratch,0,driver,75,251.0,-30.3
scratch,0,driver,76,257.8,4.7
scratch,0,driver,77,244.0,38.5
scratch,0,driver,78,251.2,4.4
scratch,0,driver,79,257.0,-2.4
scratch,0,driver,80,245.4,7.4
scratch,0,driver,81,254.9,31.9
scratch,0,driver,82,241.1,5.8
scratch,0,driver,83,244.8,-9.4
scratch,0,driver,84,244.5,27.1
scratch,0,driver,85,234.5,10.8
scratch,0,driver,86,255.3,37.5
scratch,0,driver,87,243.4,4.9
scratch,0,driver,88,249.4,-29.0
scratch,0,driver,89,255.2,-32.4
scratch,0,driver,90,254.8,40.2
scratch,0,driver,91,257.5,42.0
scratch,0,driver,92,248.0,-3.8
scratch,0,driver,93,244.0,-8.7
scratch,0,driver,94,248.3,35.7
scratch,0,driver,95,228.4,-26.1
scratch,0,driver,96,231.3,-21.0
scratch,0,driver,97,232.9,16.0
scratch,0,driver,98,236.9,-9.0
scratch,0,driver,99,254.2,0.4
scratch,0,driver,100,238.0,-3.4
4_hcp,4,driver,1,241.5,43.5
4_hcp,4,driver,2,258.3,-36.7
4_hcp,4,driver,3,237.6,22.2
4_hcp,4,driver,4,246.3,-7.1
4_hcp,4,driver,5,204.0,-0.5
4_hcp,4,driver,6,235.4,-24.9
4_hcp,4,driver,7,223.0,-7.2
4_hcp,4,driver,8,217.1,33.0
4_hcp,4,driver,9,222.4,15.3
4_hcp,4,driver,10,231.0,43.6
4_hcp,4,driver,11,250.6,30.0
4_hcp,4,driver,12,215.4,11.8
4_hcp,4,driver,13,236.7,43.9
4_hcp,4,driver,14,228.6,11.8
4_hcp,4,driver,15,231.1,21.4
4_hcp,4,driver,16,252.0,-6.3
4_hcp,4,driver,17,244.7,2.6
4_hcp,4,driver,18,257.2,-16.2
4_hcp,4,driver,19,233.8,25.3
4_hcp,4,driver,20,225.3,-28.0
4_hcp,4,driver,21,232.7,20.2
4_hcp,4,driver,22,240.0,-3.7
4_hcp,4,driver,23,239.0,29.8
4_hcp,4,driver,24,219.2,19.5
4_hcp,4,driver,25,237.6,45.8
4_hcp,4,driver,26,239.8,19.0
4_hcp,4,driver,27,275.8,-37.7
4_hcp,4,driver,28,265.7,-0.6
4_hcp,4,driver,29,222.8,-27.8
4_hcp,4,driver,30,231.7,-11.7
4_hcp,4,driver,31,213.2,38.2
4_hcp,4,driver,32,226.9,16.7
4_hcp,4,driver,33,241.2,-16.2
4_hcp,4,driver,34,255.2,-23.9
4_hcp,4,driver,35,224.8,1.8
4_hcp,4,driver,36,225.9,-28.9
4_hcp,4,driver,37,202.5,-15.5
4_hcp,4,driver,38,233.7,8.7
4_hcp,4,driver,39,219.5,29.4
4_hcp,4,driver,40,227.9,16.0
4_hcp,4,driver,41,222.4,-55.4
4_hcp,4,driver,42,234.7,8.5
4_hcp,4,driver,43,208.6,2.8
4_hcp,4,driver,44,213.2,11.2
4_hcp,4,driver,45,269.7,40.8
4_hcp,4,driver,46,216.0,-49.7
4_hcp,4,driver,47,219.0,-13.5
4_hcp,4,driver,48,265.1,15.5
4_hcp,4,driver,49,281.8,-37.9
4_hcp,4,driver,50,217.8,37.3
4_hcp,4,driver,51,230.4,10.1
4_hcp,4,driver,52,241.6,21.8
4_hcp,4,driver,53,263.4,-13.0
4_hcp,4,driver,54,220.7,21.0
4_hcp,4,driver,55,232.4,27.3
4_hcp,4,driver,56,248.4,6.7
4_hcp,4,driver,57,243.0,6.8
4_hcp,4,driver,58,230.3,7.6
4_hcp,4,driver,59,234.1,-20.2
4_hcp,4,driver,60,214.6,-2.6
4_hcp,4,driver,61,232.5,-2.8
4_hcp,4,driver,62,232.0,10.4
4_hcp,4,driver,63,239.9,25.6
4_hcp,4,driver,64,227.5,-25.0
4_hcp,4,driver,65,243.6,-2.1
4_hcp,4,driver,66,252.1,37.4
4_hcp,4,driver,67,238.7,-17.3
4_hcp,4,driver,68,241.7,-19.2
4_hcp,4,driver,69,237.0,6.0
4_hcp,4,driver,70,236.2,21.8
4_hcp,4,driver,71,224.9,1.3
4_hcp,4,driver,72,241.2,33.7
4_hcp,4,driver,73,234.7,22.1
4_hcp,4,driver,74,269.1,21.7
4_hcp,4,driver,75,260.9,14.6
4_hcp,4,driver,76,242.3,58.2
4_hcp,4,driver,77,224.2,-4.0
4_hcp,4,driver,78,218.7,-48.3
4_hcp,4,driver,79,254.9,40.5
4_hcp,4,driver,80,240.3,-10.3
4_hcp,4,driver,81,243.8,3.7
4_hcp,4,driver,82,208.8,33.2
4_hcp,4,driver,83,250.8,-38.4
4_hcp,4,driver,84,243.4,-29.8
4_hcp,4,driver,85,218.8,-38.4
4_hcp,4,driver,86,228.8,-18.5
4_hcp,4,driver,87,240.4,11.8
4_hcp,4,driver,88,237.0,13.9
4_hcp,4,driver,89,231.6,7.8
4_hcp,4,driver,90,234.6,-33.7
4_hcp,4,driver,91,232.3,-55.8
4_hcp,4,driver,92,238.6,2.3
4_hcp,4,driver,93,259.3,-10.6
4_hcp,4,driver,94,195.9,12.3
4_hcp,4,driver,95,232.5,18.3
4_hcp,4,driver,96,239.0,4.4
4_hcp,4,driver,97,240.9,19.7
4_hcp,4,driver,98,230.4,6.6
4_hcp,4,driver,99,208.6,14.0
4_hcp,4,driver,100,241.4,-16.3
8_hcp,8,driver,1,220.3,37.1
8_hcp,8,driver,2,227.3,25.1
8_hcp,8,driver,3,238.9,-16.5
8_hcp,8,driver,4,216.3,-36.7
8_hcp,8,driver,5,233.3,-74.3
8_hcp,8,driver,6,218.7,-12.0
8_hcp,8,driver,7,221.4,64.3
8_hcp,8,driver,8,239.1,13.2
8_hcp,8,driver,9,186.5,-12.4
8_hcp,8,driver,10,199.5,14.0
8_hcp,8,driver,11,196.0,-38.2
8_hcp,8,driver,12,180.1,-5.7
8_hcp,8,driver,13,211.0,4.6
8_hcp,8,driver,14,237.6,-0.2
8_hcp,8,driver,15,218.3,22.4
8_hcp,8,driver,16,227.3,10.9
8_hcp,8,driver,17,243.9,19.2
8_hcp,8,driver,18,248.4,-15.7
8_hcp,8,driver,19,222.3,25.1
8_hcp,8,driver,20,248.9,43.9
8_hcp,8,driver,21,225.3,-23.0
8_hcp,8,driver,22,208.0,-20.9
8_hcp,8,driver,23,212.5,36.4
8_hcp,8,driver,24,196.0,-2.9
8_hcp,8,driver,25,207.1,38.1
8_hcp,8,driver,26,217.0,-9.4
8_hcp,8,driver,27,238.6,39.5
8_hcp,8,driver,28,255.7,5.4
8_hcp,8,driver,29,197.9,8.6
8_hcp,8,driver,30,231.0,42.3
8_hcp,8,driver,31,204.2,-7.3
8_hcp,8,driver,32,232.5,-22.2
8_hcp,8,driver,33,221.2,-9.6
8_hcp,8,driver,34,189.5,13.6
8_hcp,8,driver,35,240.9,-38.3
8_hcp,8,driver,36,212.3,18.4
8_hcp,8,driver,37,213.7,-11.9
8_hcp,8,driver,38,203.7,31.6
8_hcp,8,driver,39,211.4,-59.7
8_hcp,8,driver,40,231.6,-18.3
8_hcp,8,driver,41,220.1,-41.4
8_hcp,8,driver,42,229.8,-19.3
8_hcp,8,driver,43,230.4,8.4
8_hcp,8,driver,44,248.3,-2.6
8_hcp,8,driver,45,217.2,-4.5
8_hcp,8,driver,46,196.1,-2.1
8_hcp,8,driver,47,243.5,7.2
8_hcp,8,driver,48,217.4,-24.0
8_hcp,8,driver,49,244.4,20.2
8_hcp,8,driver,50,230.8,19.1
8_hcp,8,driver,51,221.2,11.9
8_hcp,8,driver,52,230.1,16.3
8_hcp,8,driver,53,260.0,9.6
8_hcp,8,driver,54,262.4,54.4
8_hcp,8,driver,55,224.9,-0.2
8_hcp,8,driver,56,226.6,-5.9
8_hcp,8,driver,57,243.7,-17.4
8_hcp,8,driver,58,207.9,-24.6
8_hcp,8,driver,59,229.8,-30.0
8_hcp,8,driver,60,223.1,-20.9
8_hcp,8,driver,61,229.5,0.2
8_hcp,8,driver,62,208.1,10.6
8_hcp,8,driver,63,194.0,3.3
8_hcp,8,driver,64,185.0,-17.7
8_hcp,8,driver,65,202.8,25.2
8_hcp,8,driver,66,215.1,21.0
8_hcp,8,driver,67,218.2,-2.1
8_hcp,8,driver,68,259.7,-14.8
8_hcp,8,driver,69,244.2,16.1
8_hcp,8,driver,70,205.7,6.8
8_hcp,8,driver,71,230.1,-35.3
8_hcp,8,driver,72,216.0,0.2
8_hcp,8,driver,73,218.3,8.7
8_hcp,8,driver,74,227.1,-21.2
8_hcp,8,driver,75,235.2,6.9
8_hcp,8,driver,76,217.3,-35.5
8_hcp,8,driver,77,243.5,36.4
8_hcp,8,driver,78,202.3,34.1
8_hcp,8,driver,79,223.7,-4.5
8_hcp,8,driver,80,272.1,11.4
8_hcp,8,driver,81,227.8,-60.1
8_hcp,8,driver,82,250.3,-27.8
8_hcp,8,driver,83,225.3,-5.6
8_hcp,8,driver,84,234.5,-25.6
8_hcp,8,driver,85,222.6,20.4
8_hcp,8,driver,86,220.4,53.4
8_hcp,8,driver,87,209.1,-28.3
8_hcp,8,driver,88,231.6,-19.6
8_hcp,8,driver,89,207.8,8.1
8_hcp,8,driver,90,236.0,43.5
8_hcp,8,driver,91,243.9,-29.5
8_hcp,8,driver,92,230.5,8.4
8_hcp,8,driver,93,218.3,48.9
8_hcp,8,driver,94,232.1,-40.5
8_hcp,8,driver,95,217.9,-31.0
8_hcp,8,driver,96,241.1,-8.9
8_hcp,8,driver,97,189.5,-11.4
8_hcp,8,driver,98,217.4,22.9
8_hcp,8,driver,99,186.5,8.2
8_hcp,8,driver,100,195.8,-43.7
12_hcp,12,driver,1,222.0,32.7
12_hcp,12,driver,2,198.9,-3.5
12_hcp,12,driver,3,238.1,-24.5
12_hcp,12,driver,4,197.8,1.5
12_hcp,12,driver,5,197.6,31.0
12_hcp,12,driver,6,222.6,-23.0
12_hcp,12,driver,7,227.3,-21.3
12_hcp,12,driver,8,220.6,17.9
12_hcp,12,driver,9,175.4,-2.9
12_hcp,12,driver,10,222.5,20.3
12_hcp,12,driver,11,189.2,2.6
12_hcp,12,driver,12,216.1,21.7
12_hcp,12,driver,13,180.9,-24.6
12_hcp,12,driver,14,220.6,2.7
12_hcp,12,driver,15,194.0,-2.6
12_hcp,12,driver,16,183.9,-29.4
12_hcp,12,driver,17,226.2,-38.7
12_hcp,12,driver,18,216.2,21.3
12_hcp,12,driver,19,198.1,-6.4
12_hcp,12,driver,20,241.9,-24.2
12_hcp,12,driver,21,201.8,0.4
12_hcp,12,driver,22,211.8,33.1
12_hcp,12,driver,23,216.8,-57.8
12_hcp,12,driver,24,198.0,-36.9
12_hcp,12,driver,25,221.1,-21.6
12_hcp,12,driver,26,199.8,41.9
12_hcp,12,driver,27,202.4,10.5
12_hcp,12,driver,28,240.0,23.5
12_hcp,12,driver,29,189.1,-27.4
12_hcp,12,driver,30,160.0,-26.8
12_hcp,12,driver,31,245.2,14.9
12_hcp,12,driver,32,265.1,4.6
12_hcp,12,driver,33,202.5,17.6
12_hcp,12,driver,34,170.1,-2.0
12_hcp,12,driver,35,204.5,10.4
12_hcp,12,driver,36,205.0,7.2
12_hcp,12,driver,37,207.1,23.7
12_hcp,12,driver,38,187.5,24.5
12_hcp,12,driver,39,223.4,-40.2
12_hcp,12,driver,40,222.2,-56.9
12_hcp,12,driver,41,179.5,29.7
12_hcp,12,driver,42,225.9,34.7
12_hcp,12,driver,43,254.6,-24.2
12_hcp,12,driver,44,214.8,-46.6
12_hcp,12,driver,45,204.0,5.6
12_hcp,12,driver,46,208.1,27.8
12_hcp,12,driver,47,224.1,50.9
12_hcp,12,driver,48,174.4,16.8
12_hcp,12,driver,49,214.6,-6.9
12_hcp,12,driver,50,202.8,-20.8
12_hcp,12,driver,51,250.3,3.3
12_hcp,12,driver,52,207.4,-5.0
12_hcp,12,driver,53,246.4,-24.1
12_hcp,12,driver,54,187.7,57.6
12_hcp,12,driver,55,223.6,50.6
12_hcp,12,driver,56,217.9,33.3
12_hcp,12,driver,57,192.7,-21.5
12_hcp,12,driver,58,214.9,25.8
12_hcp,12,driver,59,236.8,20.0
12_hcp,12,driver,60,204.3,14.8
12_hcp,12,driver,61,175.3,36.3
12_hcp,12,driver,62,210.7,19.9
12_hcp,12,driver,63,192.0,22.7
12_hcp,12,driver,64,203.9,20.0
12_hcp,12,driver,65,209.4,12.1
12_hcp,12,driver,66,175.0,-44.5
12_hcp,12,driver,67,176.9,5.2
12_hcp,12,driver,68,221.3,-11.8
12_hcp,12,driver,69,200.0,-31.1
12_hcp,12,driver,70,156.8,47.8
12_hcp,12,driver,71,227.7,49.1
12_hcp,12,driver,72,216.9,39.2
12_hcp,12,driver,73,196.0,9.8
12_hcp,12,driver,74,183.2,39.0
12_hcp,12,driver,75,228.8,3.3
12_hcp,12,driver,76,218.5,8.4
12_hcp,12,driver,77,261.6,-26.1
12_hcp,12,driver,78,220.0,13.6
12_hcp,12,driver,79,219.3,4.6
12_hcp,12,driver,80,207.6,-31.7
12_hcp,12,driver,81,228.4,1.6
12_hcp,12,driver,82,224.4,0.9
12_hcp,12,driver,83,237.6,50.9
12_hcp,12,driver,84,200.1,26.8
12_hcp,12,driver,85,201.9,3.3
12_hcp,12,driver,86,201.0,9.6
12_hcp,12,driver,87,227.9,4.2
12_hcp,12,driver,88,242.9,-2.4
12_hcp,12,driver,89,201.4,-25.9
12_hcp,12,driver,90,202.1,-1.0
12_hcp,12,driver,91,217.8,-16.9
12_hcp,12,driver,92,205.9,-30.3
12_hcp,12,driver,93,231.3,16.6
12_hcp,12,driver,94,163.4,13.4
12_hcp,12,driver,95,193.6,-44.6
12_hcp,12,driver,96,194.5,-0.3
12_hcp,12,driver,97,162.0,29.5
12_hcp,12,driver,98,190.7,31.2
12_hcp,12,driver,99,191.7,30.3
12_hcp,12,driver,100,206.9,4.0
scratch,0,3w,1,214.5,8.8
scratch,0,3w,2,211.8,2.7
scratch,0,3w,3,227.7,-2.6
scratch,0,3w,4,228.1,34.3
scratch,0,3w,5,238.2,-12.7
scratch,0,3w,6,236.1,44.3
scratch,0,3w,7,222.4,-4.3
scratch,0,3w,8,210.0,-26.7
scratch,0,3w,9,220.3,2.0
scratch,0,3w,10,226.3,-22.4
scratch,0,3w,11,221.6,-15.5
scratch,0,3w,12,217.4,8.9
scratch,0,3w,13,226.7,12.3
scratch,0,3w,14,218.3,-12.7
scratch,0,3w,15,216.9,21.5
scratch,0,3w,16,227.3,25.1
scratch,0,3w,17,219.4,31.0
scratch,0,3w,18,226.6,11.8
scratch,0,3w,19,226.9,29.5
scratch,0,3w,20,211.2,-39.5
scratch,0,3w,21,218.5,-6.3
scratch,0,3w,22,239.9,-17.9
scratch,0,3w,23,210.9,3.0
scratch,0,3w,24,200.3,-11.7
scratch,0,3w,25,203.1,-3.0
scratch,0,3w,26,224.2,40.5
scratch,0,3w,27,224.2,-3.1
scratch,0,3w,28,222.6,9.3
scratch,0,3w,29,237.4,-4.4
scratch,0,3w,30,194.1,2.1
scratch,0,3w,31,228.3,0.6
scratch,0,3w,32,241.3,10.0
scratch,0,3w,33,211.3,25.3
scratch,0,3w,34,219.6,35.5
scratch,0,3w,35,215.5,7.1
scratch,0,3w,36,213.9,13.0
scratch,0,3w,37,220.2,-24.0
scratch,0,3w,38,239.8,-1.4
scratch,0,3w,39,244.3,20.5
scratch,0,3w,40,220.1,18.9
scratch,0,3w,41,245.1,5.0
scratch,0,3w,42,224.3,19.4
scratch,0,3w,43,243.4,10.9
scratch,0,3w,44,222.8,26.0
scratch,0,3w,45,225.3,6.7
scratch,0,3w,46,227.9,-7.1
scratch,0,3w,47,259.3,7.6
scratch,0,3w,48,233.4,-61.8
scratch,0,3w,49,216.0,8.6
scratch,0,3w,50,234.7,-77.1
scratch,0,3w,51,219.8,-36.2
scratch,0,3w,52,218.4,10.1
scratch,0,3w,53,234.0,10.7
scratch,0,3w,54,224.2,-24.2
scratch,0,3w,55,227.0,-14.6
scratch,0,3w,56,224.0,29.6
scratch,0,3w,57,227.6,-9.8
scratch,0,3w,58,228.6,48.2
scratch,0,3w,59,202.3,0.5
scratch,0,3w,60,231.3,9.2
scratch,0,3w,61,212.9,34.9
scratch,0,3w,62,207.8,3.3
scratch,0,3w,63,223.2,-20.8
scratch,0,3w,64,224.8,-1.8
scratch,0,3w,65,216.2,-0.3
scratch,0,3w,66,233.1,-28.5
scratch,0,3w,67,208.9,-4.9
scratch,0,3w,68,219.3,-15.3
scratch,0,3w,69,217.4,20.2
scratch,0,3w,70,223.4,1.2
scratch,0,3w,71,227.0,-5.5
scratch,0,3w,72,212.6,-1.8
scratch,0,3w,73,231.9,5.2
scratch,0,3w,74,224.6,13.6
scratch,0,3w,75,202.8,-20.8
scratch,0,3w,76,202.1,-21.7
scratch,0,3w,77,223.7,24.0
scratch,0,3w,78,221.4,-8.3
scratch,0,3w,79,222.7,-29.6
scratch,0,3w,80,223.6,9.9
scratch,0,3w,81,226.4,10.4
scratch,0,3w,82,234.4,-32.1
scratch,0,3w,83,211.5,5.4
scratch,0,3w,84,210.8,16.1
scratch,0,3w,85,211.7,8.5
scratch,0,3w,86,227.1,13.9
scratch,0,3w,87,237.7,-29.4
scratch,0,3w,88,219.1,7.5
scratch,0,3w,89,196.0,-5.9
scratch,0,3w,90,204.9,-9.8
scratch,0,3w,91,214.6,19.0
scratch,0,3w,92,217.7,32.0
scratch,0,3w,93,219.3,38.7
scratch,0,3w,94,224.3,28.5
scratch,0,3w,95,220.4,-1.8
scratch,0,3w,96,235.6,8.0
scratch,0,3w,97,216.3,16.8
scratch,0,3w,98,214.3,3.1
scratch,0,3w,99,229.2,3.3
scratch,0,3w,100,206.8,18.0
4_hcp,4,3w,1,211.5,25.7
4_hcp,4,3w,2,202.0,14.4
4_hcp,4,3w,3,206.4,14.1
4_hcp,4,3w,4,221.3,12.3
4_hcp,4,3w,5,212.4,-23.0
4_hcp,4,3w,6,217.1,16.3
4_hcp,4,3w,7,221.8,-28.6
4_hcp,4,3w,8,207.0,-16.4
4_hcp,4,3w,9,223.0,29.5
4_hcp,4,3w,10,217.7,19.3
4_hcp,4,3w,11,194.8,33.5
4_hcp,4,3w,12,232.8,-4.9
4_hcp,4,3w,13,205.2,-24.2
4_hcp,4,3w,14,188.8,-4.3
4_hcp,4,3w,15,197.5,3.2
4_hcp,4,3w,16,197.8,2.7
4_hcp,4,3w,17,213.1,25.8
4_hcp,4,3w,18,208.4,-6.9
4_hcp,4,3w,19,207.5,8.7
4_hcp,4,3w,20,221.1,-20.6
4_hcp,4,3w,21,217.1,10.8
4_hcp,4,3w,22,216.8,1.1
4_hcp,4,3w,23,218.1,-15.4
4_hcp,4,3w,24,221.1,-4.2
4_hcp,4,3w,25,182.4,-3.0
4_hcp,4,3w,26,207.1,-4.9
4_hcp,4,3w,27,181.4,39.7
4_hcp,4,3w,28,212.8,-1.1
4_hcp,4,3w,29,212.2,-4.3
4_hcp,4,3w,30,227.1,-44.8
4_hcp,4,3w,31,229.2,-18.5
4_hcp,4,3w,32,215.2,-4.7
4_hcp,4,3w,33,205.2,-14.0
4_hcp,4,3w,34,219.2,31.2
4_hcp,4,3w,35,204.8,-2.6
4_hcp,4,3w,36,212.3,29.1
4_hcp,4,3w,37,226.3,2.3
4_hcp,4,3w,38,204.4,1.8
4_hcp,4,3w,39,223.7,-0.9
4_hcp,4,3w,40,221.9,1.1
4_hcp,4,3w,41,198.8,38.5
4_hcp,4,3w,42,226.1,-49.7
4_hcp,4,3w,43,222.2,-42.7
4_hcp,4,3w,44,213.8,-10.9
4_hcp,4,3w,45,201.5,1.3
4_hcp,4,3w,46,200.1,16.1
4_hcp,4,3w,47,204.7,11.3
4_hcp,4,3w,48,220.0,-7.4
4_hcp,4,3w,49,198.8,23.3
4_hcp,4,3w,50,218.5,23.5
4_hcp,4,3w,51,194.7,5.0
4_hcp,4,3w,52,209.4,22.0
4_hcp,4,3w,53,213.9,7.0
4_hcp,4,3w,54,247.0,-11.3
4_hcp,4,3w,55,192.8,16.2
4_hcp,4,3w,56,233.2,3.4
4_hcp,4,3w,57,214.4,1.0
4_hcp,4,3w,58,218.1,33.2
4_hcp,4,3w,59,214.0,-52.5
4_hcp,4,3w,60,218.6,-30.0
4_hcp,4,3w,61,210.1,-24.9
4_hcp,4,3w,62,232.9,-6.9
4_hcp,4,3w,63,205.8,-4.6
4_hcp,4,3w,64,228.4,-31.9
4_hcp,4,3w,65,203.2,-20.5
4_hcp,4,3w,66,211.5,-17.8
4_hcp,4,3w,67,197.1,54.7
4_hcp,4,3w,68,218.8,40.3
4_hcp,4,3w,69,232.8,-8.0
4_hcp,4,3w,70,211.2,-6.9
4_hcp,4,3w,71,209.5,-24.1
4_hcp,4,3w,72,196.5,-40.7
4_hcp,4,3w,73,209.1,-1.6
4_hcp,4,3w,74,189.7,-20.8
4_hcp,4,3w,75,199.4,-0.9
4_hcp,4,3w,76,215.5,-33.9
4_hcp,4,3w,77,231.0,-15.6
4_hcp,4,3w,78,252.2,4.2
4_hcp,4,3w,79,204.0,9.0
4_hcp,4,3w,80,232.7,10.1
4_hcp,4,3w,81,215.8,-27.8
4_hcp,4,3w,82,210.2,19.7
4_hcp,4,3w,83,218.5,-16.5
4_hcp,4,3w,84,213.2,14.8
4_hcp,4,3w,85,213.9,0.8
4_hcp,4,3w,86,206.5,-29.1
4_hcp,4,3w,87,192.5,-5.9
4_hcp,4,3w,88,190.4,9.0
4_hcp,4,3w,89,221.6,14.4
4_hcp,4,3w,90,208.4,-2.1
4_hcp,4,3w,91,203.9,34.5
4_hcp,4,3w,92,212.4,23.0
4_hcp,4,3w,93,223.6,-4.6
4_hcp,4,3w,94,214.9,17.4
4_hcp,4,3w,95,203.0,43.2
4_hcp,4,3w,96,229.7,43.8
4_hcp,4,3w,97,234.7,-25.8
4_hcp,4,3w,98,219.3,-19.2
4_hcp,4,3w,99,226.1,33.4
4_hcp,4,3w,100,229.9,-22.1
8_hcp,8,3w,1,179.0,3.2
8_hcp,8,3w,2,193.2,-45.9
8_hcp,8,3w,3,208.5,16.1
8_hcp,8,3w,4,199.7,19.3
8_hcp,8,3w,5,190.4,-3.8
8_hcp,8,3w,6,190.0,-55.0
8_hcp,8,3w,7,189.4,-20.9
8_hcp,8,3w,8,186.5,30.3
8_hcp,8,3w,9,240.0,-61.9
8_hcp,8,3w,10,206.4,-6.0
8_hcp,8,3w,11,216.4,-25.1
8_hcp,8,3w,12,193.1,20.5
8_hcp,8,3w,13,198.3,-13.5
8_hcp,8,3w,14,189.3,11.3
8_hcp,8,3w,15,156.6,15.0
8_hcp,8,3w,16,178.1,44.2
8_hcp,8,3w,17,170.8,-2.7
8_hcp,8,3w,18,163.4,10.6
8_hcp,8,3w,19,181.2,-32.1
8_hcp,8,3w,20,223.8,29.4
8_hcp,8,3w,21,200.7,-15.5
8_hcp,8,3w,22,223.2,-10.9
8_hcp,8,3w,23,208.4,1.5
8_hcp,8,3w,24,214.6,-33.9
8_hcp,8,3w,25,186.2,7.3
8_hcp,8,3w,26,210.3,24.2
8_hcp,8,3w,27,213.7,8.7
8_hcp,8,3w,28,191.7,-34.5
8_hcp,8,3w,29,210.9,-0.8
8_hcp,8,3w,30,211.0,19.1
8_hcp,8,3w,31,192.1,-41.2
8_hcp,8,3w,32,182.4,-22.7
8_hcp,8,3w,33,181.4,22.2
8_hcp,8,3w,34,202.9,8.2
8_hcp,8,3w,35,206.9,11.5
8_hcp,8,3w,36,188.0,44.8
8_hcp,8,3w,37,201.9,12.8
8_hcp,8,3w,38,211.1,17.1
8_hcp,8,3w,39,211.9,64.3
8_hcp,8,3w,40,227.7,-2.9
8_hcp,8,3w,41,223.0,-16.3
8_hcp,8,3w,42,184.5,11.8
8_hcp,8,3w,43,229.9,12.1
8_hcp,8,3w,44,192.4,-10.1
8_hcp,8,3w,45,219.1,-21.7
8_hcp,8,3w,46,202.6,55.1
8_hcp,8,3w,47,194.4,9.5
8_hcp,8,3w,48,170.8,-14.8
8_hcp,8,3w,49,198.5,23.1
8_hcp,8,3w,50,175.0,-0.5
8_hcp,8,3w,51,217.8,-3.8
8_hcp,8,3w,52,227.1,14.9
8_hcp,8,3w,53,187.9,-27.7
8_hcp,8,3w,54,206.5,10.1
8_hcp,8,3w,55,189.1,46.0
8_hcp,8,3w,56,190.8,12.7
8_hcp,8,3w,57,214.5,-6.7
8_hcp,8,3w,58,200.8,-9.7
8_hcp,8,3w,59,230.8,-7.4
8_hcp,8,3w,60,193.3,-3.8
8_hcp,8,3w,61,218.3,-6.7
8_hcp,8,3w,62,203.1,23.1
8_hcp,8,3w,63,214.9,-37.9
8_hcp,8,3w,64,193.8,21.8
8_hcp,8,3w,65,200.6,-6.7
8_hcp,8,3w,66,199.5,10.7
8_hcp,8,3w,67,187.3,-23.9
8_hcp,8,3w,68,212.6,32.6
8_hcp,8,3w,69,212.4,30.6
8_hcp,8,3w,70,211.5,24.1
8_hcp,8,3w,71,227.4,-32.8
8_hcp,8,3w,72,225.9,21.1
8_hcp,8,3w,73,195.1,11.3
8_hcp,8,3w,74,207.7,-34.9
8_hcp,8,3w,75,190.9,1.4
8_hcp,8,3w,76,201.8,10.4
8_hcp,8,3w,77,191.3,14.8
8_hcp,8,3w,78,228.8,6.1
8_hcp,8,3w,79,207.6,8.7
8_hcp,8,3w,80,197.7,35.9
8_hcp,8,3w,81,221.6,30.2
8_hcp,8,3w,82,164.7,-63.9
8_hcp,8,3w,83,167.3,-5.3
8_hcp,8,3w,84,214.9,-1.8
8_hcp,8,3w,85,202.4,-38.3
8_hcp,8,3w,86,205.6,4.2
8_hcp,8,3w,87,179.0,30.7
8_hcp,8,3w,88,201.0,-23.0
8_hcp,8,3w,89,235.3,9.7
8_hcp,8,3w,90,215.4,-19.1
8_hcp,8,3w,91,204.3,-13.5
8_hcp,8,3w,92,194.0,36.0
8_hcp,8,3w,93,194.7,-10.5
8_hcp,8,3w,94,165.4,12.6
8_hcp,8,3w,95,205.8,-41.0
8_hcp,8,3w,96,215.7,44.8
8_hcp,8,3w,97,174.8,15.9
8_hcp,8,3w,98,190.2,-2.2
8_hcp,8,3w,99,181.8,15.2
8_hcp,8,3w,100,185.1,-30.4
12_hcp,12,3w,1,213.4,-10.6
12_hcp,12,3w,2,184.4,-12.0
12_hcp,12,3w,3,186.7,34.7
12_hcp,12,3w,4,181.1,10.9
12_hcp,12,3w,5,179.4,-2.1
12_hcp,12,3w,6,204.0,14.9
12_hcp,12,3w,7,195.6,-47.5
12_hcp,12,3w,8,203.2,2.0
12_hcp,12,3w,9,190.4,50.8
12_hcp,12,3w,10,200.5,6.2
12_hcp,12,3w,11,182.5,4.6
12_hcp,12,3w,12,233.7,16.1
12_hcp,12,3w,13,160.3,24.4
12_hcp,12,3w,14,215.0,-44.8
12_hcp,12,3w,15,217.0,-37.3
12_hcp,12,3w,16,174.2,8.0
12_hcp,12,3w,17,233.6,-14.1
12_hcp,12,3w,18,209.8,34.4
12_hcp,12,3w,19,209.4,-4.5
12_hcp,12,3w,20,191.2,-43.3
12_hcp,12,3w,21,186.4,-27.4
12_hcp,12,3w,22,186.6,-62.8
12_hcp,12,3w,23,198.2,-2.6
12_hcp,12,3w,24,217.7,-1.5
12_hcp,12,3w,25,194.1,-7.2
12_hcp,12,3w,26,173.0,28.8
12_hcp,12,3w,27,206.5,31.7
12_hcp,12,3w,28,208.4,-1.1
12_hcp,12,3w,29,203.3,-48.1
12_hcp,12,3w,30,205.0,17.8
12_hcp,12,3w,31,185.4,16.3
12_hcp,12,3w,32,172.7,10.4
12_hcp,12,3w,33,173.9,26.5
12_hcp,12,3w,34,159.0,-24.9
12_hcp,12,3w,35,195.2,51.1
12_hcp,12,3w,36,189.0,-20.0
12_hcp,12,3w,37,182.1,20.9
12_hcp,12,3w,38,133.6,-37.4
12_hcp,12,3w,39,166.5,-19.3
12_hcp,12,3w,40,212.3,39.3
12_hcp,12,3w,41,177.8,-3.2
12_hcp,12,3w,42,197.6,23.1
12_hcp,12,3w,43,163.8,8.7
12_hcp,12,3w,44,218.4,0.5
12_hcp,12,3w,45,187.8,35.7
12_hcp,12,3w,46,196.2,-2.7
12_hcp,12,3w,47,235.5,-39.6
12_hcp,12,3w,48,219.9,-16.2
12_hcp,12,3w,49,184.7,16.2
12_hcp,12,3w,50,179.2,12.5
12_hcp,12,3w,51,184.3,-34.5
12_hcp,12,3w,52,200.5,-14.3
12_hcp,12,3w,53,188.6,-10.9
12_hcp,12,3w,54,183.0,-5.8
12_hcp,12,3w,55,218.9,-29.9
12_hcp,12,3w,56,188.4,-12.0
12_hcp,12,3w,57,235.0,-14.4
12_hcp,12,3w,58,192.4,21.5
12_hcp,12,3w,59,225.1,22.4
12_hcp,12,3w,60,197.5,-0.5
12_hcp,12,3w,61,209.2,-6.4
12_hcp,12,3w,62,176.6,6.4
12_hcp,12,3w,63,174.1,-16.6
12_hcp,12,3w,64,199.5,-24.5
12_hcp,12,3w,65,209.7,-19.5
12_hcp,12,3w,66,191.4,-12.2
12_hcp,12,3w,67,165.8,-24.9
12_hcp,12,3w,68,164.4,6.9
12_hcp,12,3w,69,163.1,20.5
12_hcp,12,3w,70,156.5,-35.0
12_hcp,12,3w,71,192.7,3.6
12_hcp,12,3w,72,212.3,-2.3
12_hcp,12,3w,73,190.4,11.2
12_hcp,12,3w,74,147.0,2.7
12_hcp,12,3w,75,186.9,-31.8
12_hcp,12,3w,76,187.5,-27.2
12_hcp,12,3w,77,231.1,3.7
12_hcp,12,3w,78,162.5,27.6
12_hcp,12,3w,79,183.1,-50.0
12_hcp,12,3w,80,223.5,11.3
12_hcp,12,3w,81,199.3,31.5
12_hcp,12,3w,82,201.5,-0.7
12_hcp,12,3w,83,192.8,16.2
12_hcp,12,3w,84,197.0,-13.8
12_hcp,12,3w,85,205.6,0.1
12_hcp,12,3w,86,175.0,-35.8
12_hcp,12,3w,87,207.6,-53.1
12_hcp,12,3w,88,164.1,25.6
12_hcp,12,3w,89,197.0,-20.6
12_hcp,12,3w,90,194.1,-7.9
12_hcp,12,3w,91,178.7,-30.2
12_hcp,12,3w,92,190.2,-30.8
12_hcp,12,3w,93,178.6,-1.2
12_hcp,12,3w,94,169.9,-14.5
12_hcp,12,3w,95,183.8,12.0
12_hcp,12,3w,96,169.3,13.8
12_hcp,12,3w,97,196.8,10.7
12_hcp,12,3w,98,168.4,8.7
12_hcp,12,3w,99,204.4,40.8
12_hcp,12,3w,100,167.8,-22.6
scratch,0,hybrid,1,208.0,-21.5
scratch,0,hybrid,2,219.8,-9.1
scratch,0,hybrid,3,221.1,3.3
scratch,0,hybrid,4,194.4,-44.8
scratch,0,hybrid,5,205.4,5.1
scratch,0,hybrid,6,222.0,37.6
scratch,0,hybrid,7,213.6,-8.3
scratch,0,hybrid,8,210.5,5.6
scratch,0,hybrid,9,206.4,20.5
scratch,0,hybrid,10,204.7,-2.7
scratch,0,hybrid,11,211.4,-10.8
scratch,0,hybrid,12,206.0,-43.8
scratch,0,hybrid,13,208.1,13.0
scratch,0,hybrid,14,209.3,-1.7
scratch,0,hybrid,15,201.8,-19.2
scratch,0,hybrid,16,213.8,3.0
scratch,0,hybrid,17,237.4,-10.9
scratch,0,hybrid,18,190.9,-9.8
scratch,0,hybrid,19,211.7,12.3
scratch,0,hybrid,20,201.0,-25.6
scratch,0,hybrid,21,214.3,20.9
scratch,0,hybrid,22,209.0,-26.7
scratch,0,hybrid,23,216.1,-12.4
scratch,0,hybrid,24,220.2,38.0
scratch,0,hybrid,25,210.4,22.5
scratch,0,hybrid,26,219.8,2.4
scratch,0,hybrid,27,185.3,-17.8
scratch,0,hybrid,28,224.3,-9.8
scratch,0,hybrid,29,212.3,1.9
scratch,0,hybrid,30,219.2,1.2
scratch,0,hybrid,31,196.4,-1.3
scratch,0,hybrid,32,200.3,-0.1
scratch,0,hybrid,33,210.0,-3.7
scratch,0,hybrid,34,208.4,-27.6
scratch,0,hybrid,35,211.3,-9.6
scratch,0,hybrid,36,219.3,18.3
scratch,0,hybrid,37,191.0,-26.2
scratch,0,hybrid,38,218.2,-3.2
scratch,0,hybrid,39,208.6,-15.5
scratch,0,hybrid,40,206.5,2.7
scratch,0,hybrid,41,193.9,-7.1
scratch,0,hybrid,42,213.5,29.3
scratch,0,hybrid,43,184.6,10.4
scratch,0,hybrid,44,215.0,-25.1
scratch,0,hybrid,45,193.7,13.6
scratch,0,hybrid,46,209.1,-14.6
scratch,0,hybrid,47,207.3,-10.7
scratch,0,hybrid,48,220.1,6.6
scratch,0,hybrid,49,206.8,-9.1
scratch,0,hybrid,50,201.6,17.9
scratch,0,hybrid,51,203.5,-14.6
scratch,0,hybrid,52,221.2,-11.6
scratch,0,hybrid,53,213.9,-12.3
scratch,0,hybrid,54,204.7,-10.5
scratch,0,hybrid,55,206.2,21.9
scratch,0,hybrid,56,193.0,12.7
scratch,0,hybrid,57,212.4,33.8
scratch,0,hybrid,58,191.1,44.7
scratch,0,hybrid,59,216.0,-19.6
scratch,0,hybrid,60,209.8,1.9
scratch,0,hybrid,61,232.2,-22.4
scratch,0,hybrid,62,197.6,-14.6
scratch,0,hybrid,63,207.5,-11.8
scratch,0,hybrid,64,226.4,-20.1
scratch,0,hybrid,65,220.4,-20.0
scratch,0,hybrid,66,201.6,-2.3
scratch,0,hybrid,67,210.8,-23.2
scratch,0,hybrid,68,208.5,16.9
scratch,0,hybrid,69,211.3,-17.4
scratch,0,hybrid,70,201.6,55.2
scratch,0,hybrid,71,207.6,-8.3
scratch,0,hybrid,72,192.7,1.9
scratch,0,hybrid,73,209.9,-24.7
scratch,0,hybrid,74,213.0,33.7
scratch,0,hybrid,75,206.3,22.3
scratch,0,hybrid,76,192.5,6.3
scratch,0,hybrid,77,218.3,-25.7
scratch,0,hybrid,78,212.1,4.6
scratch,0,hybrid,79,201.3,-21.3
scratch,0,hybrid,80,205.7,29.0
scratch,0,hybrid,81,193.6,16.3
scratch,0,hybrid,82,198.4,2.4
scratch,0,hybrid,83,203.2,-47.0
scratch,0,hybrid,84,220.7,-18.7
scratch,0,hybrid,85,202.2,13.9
scratch,0,hybrid,86,214.9,24.1
scratch,0,hybrid,87,203.2,22.1
scratch,0,hybrid,88,211.0,-30.5
scratch,0,hybrid,89,207.1,6.4
scratch,0,hybrid,90,217.2,20.3
scratch,0,hybrid,91,203.2,-31.8
scratch,0,hybrid,92,192.9,0.3
scratch,0,hybrid,93,194.8,5.8
scratch,0,hybrid,94,203.3,-5.4
scratch,0,hybrid,95,196.1,-35.6
scratch,0,hybrid,96,212.6,-5.8
scratch,0,hybrid,97,203.9,-5.9
scratch,0,hybrid,98,232.1,-2.4
scratch,0,hybrid,99,191.3,-10.5
scratch,0,hybrid,100,210.6,-8.1
4_hcp,4,hybrid,1,197.0,-10.1
4_hcp,4,hybrid,2,203.1,22.5
4_hcp,4,hybrid,3,193.6,13.1
4_hcp,4,hybrid,4,192.3,-1.6
4_hcp,4,hybrid,5,198.7,13.4
4_hcp,4,hybrid,6,173.2,-22.3
4_hcp,4,hybrid,7,203.5,1.6
4_hcp,4,hybrid,8,197.5,4.0
4_hcp,4,hybrid,9,198.0,-8.4
4_hcp,4,hybrid,10,209.6,9.7
4_hcp,4,hybrid,11,172.8,-14.7
4_hcp,4,hybrid,12,172.5,11.2
4_hcp,4,hybrid,13,200.9,12.1
4_hcp,4,hybrid,14,197.4,-57.5
4_hcp,4,hybrid,15,199.6,24.9
4_hcp,4,hybrid,16,191.6,-60.1
4_hcp,4,hybrid,17,205.9,-11.4
4_hcp,4,hybrid,18,209.3,21.6
4_hcp,4,hybrid,19,203.6,-5.4
4_hcp,4,hybrid,20,194.2,-28.4
4_hcp,4,hybrid,21,170.8,-20.9
4_hcp,4,hybrid,22,207.2,21.6
4_hcp,4,hybrid,23,213.0,-37.6
4_hcp,4,hybrid,24,205.6,23.7
4_hcp,4,hybrid,25,186.3,-0.1
4_hcp,4,hybrid,26,206.0,-22.9
4_hcp,4,hybrid,27,208.4,-10.7
4_hcp,4,hybrid,28,217.2,-19.4
4_hcp,4,hybrid,29,186.4,18.4
4_hcp,4,hybrid,30,194.6,15.7
4_hcp,4,hybrid,31,206.9,-33.5
4_hcp,4,hybrid,32,198.2,-7.1
4_hcp,4,hybrid,33,183.3,-16.3
4_hcp,4,hybrid,34,202.7,27.0
4_hcp,4,hybrid,35,204.8,-26.1
4_hcp,4,hybrid,36,198.6,33.2
4_hcp,4,hybrid,37,200.3,0.3
4_hcp,4,hybrid,38,194.2,-22.3
4_hcp,4,hybrid,39,216.2,-12.6
4_hcp,4,hybrid,40,186.1,-15.1
4_hcp,4,hybrid,41,190.0,-24.6
4_hcp,4,hybrid,42,197.6,2.9
4_hcp,4,hybrid,43,208.6,-23.6
4_hcp,4,hybrid,44,178.5,-42.7
4_hcp,4,hybrid,45,180.9,-6.6
4_hcp,4,hybrid,46,171.7,-35.2
4_hcp,4,hybrid,47,197.9,-14.1
4_hcp,4,hybrid,48,183.3,-17.2
4_hcp,4,hybrid,49,192.6,-16.5
4_hcp,4,hybrid,50,205.9,41.1
4_hcp,4,hybrid,51,189.4,2.1
4_hcp,4,hybrid,52,200.4,5.9
4_hcp,4,hybrid,53,193.7,-34.6
4_hcp,4,hybrid,54,206.0,-12.1
4_hcp,4,hybrid,55,203.5,5.3
4_hcp,4,hybrid,56,188.7,-19.6
4_hcp,4,hybrid,57,195.3,19.2
4_hcp,4,hybrid,58,210.7,-23.1
4_hcp,4,hybrid,59,202.5,-4.7
4_hcp,4,hybrid,60,179.8,-10.8
4_hcp,4,hybrid,61,205.8,4.3
4_hcp,4,hybrid,62,183.7,-11.8
4_hcp,4,hybrid,63,215.4,-4.4
4_hcp,4,hybrid,64,210.5,-3.7
4_hcp,4,hybrid,65,201.2,-13.7
4_hcp,4,hybrid,66,199.5,10.7
4_hcp,4,hybrid,67,194.8,5.8
4_hcp,4,hybrid,68,206.1,-0.8
4_hcp,4,hybrid,69,192.8,-7.6
4_hcp,4,hybrid,70,200.5,17.0
4_hcp,4,hybrid,71,208.5,-3.7
4_hcp,4,hybrid,72,190.4,-5.2
4_hcp,4,hybrid,73,189.7,3.1
4_hcp,4,hybrid,74,182.4,35.0
4_hcp,4,hybrid,75,184.0,-25.9
4_hcp,4,hybrid,76,174.3,16.4
4_hcp,4,hybrid,77,206.7,-37.0
4_hcp,4,hybrid,78,220.4,5.4
4_hcp,4,hybrid,79,215.5,32.6
4_hcp,4,hybrid,80,176.9,10.8
4_hcp,4,hybrid,81,206.7,4.4
4_hcp,4,hybrid,82,215.5,-10.2
4_hcp,4,hybrid,83,191.7,1.6
4_hcp,4,hybrid,84,198.8,-4.1
4_hcp,4,hybrid,85,172.1,-14.8
4_hcp,4,hybrid,86,200.9,-4.8
4_hcp,4,hybrid,87,184.0,5.0
4_hcp,4,hybrid,88,200.0,-14.4
4_hcp,4,hybrid,89,177.7,-15.2
4_hcp,4,hybrid,90,204.4,-26.3
4_hcp,4,hybrid,91,210.5,8.8
4_hcp,4,hybrid,92,187.6,11.9
4_hcp,4,hybrid,93,183.1,5.6
4_hcp,4,hybrid,94,170.2,20.4
4_hcp,4,hybrid,95,194.1,2.8
4_hcp,4,hybrid,96,190.1,8.9
4_hcp,4,hybrid,97,177.8,7.1
4_hcp,4,hybrid,98,203.2,-0.8
4_hcp,4,hybrid,99,191.8,-9.6
4_hcp,4,hybrid,100,183.9,45.4
8_hcp,8,hybrid,1,180.5,7.4
8_hcp,8,hybrid,2,177.2,-34.3
8_hcp,8,hybrid,3,193.9,-13.1
8_hcp,8,hybrid,4,191.1,18.4
8_hcp,8,hybrid,5,166.1,-3.9
8_hcp,8,hybrid,6,204.3,-8.9
8_hcp,8,hybrid,7,185.9,31.7
8_hcp,8,hybrid,8,170.5,-20.2
8_hcp,8,hybrid,9,205.3,-14.9
8_hcp,8,hybrid,10,196.8,6.5
8_hcp,8,hybrid,11,168.2,10.3
8_hcp,8,hybrid,12,214.2,12.5
8_hcp,8,hybrid,13,197.3,21.3
8_hcp,8,hybrid,14,187.1,6.2
8_hcp,8,hybrid,15,211.3,12.4
8_hcp,8,hybrid,16,189.7,-3.5
8_hcp,8,hybrid,17,186.9,3.3
8_hcp,8,hybrid,18,177.3,4.3
8_hcp,8,hybrid,19,196.1,6.6
8_hcp,8,hybrid,20,194.5,18.4
8_hcp,8,hybrid,21,187.5,13.8
8_hcp,8,hybrid,22,175.4,2.9
8_hcp,8,hybrid,23,189.3,-15.2
8_hcp,8,hybrid,24,186.2,3.4
8_hcp,8,hybrid,25,167.1,1.4
8_hcp,8,hybrid,26,165.0,6.1
8_hcp,8,hybrid,27,195.8,48.8
8_hcp,8,hybrid,28,148.0,-9.1
8_hcp,8,hybrid,29,190.4,11.0
8_hcp,8,hybrid,30,180.1,24.6
8_hcp,8,hybrid,31,207.1,4.1
8_hcp,8,hybrid,32,179.8,51.6
8_hcp,8,hybrid,33,197.3,-6.0
8_hcp,8,hybrid,34,181.3,8.9
8_hcp,8,hybrid,35,189.0,-14.9
8_hcp,8,hybrid,36,198.4,-5.5
8_hcp,8,hybrid,37,180.3,7.3
8_hcp,8,hybrid,38,202.4,19.9
8_hcp,8,hybrid,39,172.3,8.8
8_hcp,8,hybrid,40,191.8,28.7
8_hcp,8,hybrid,41,201.2,-0.0
8_hcp,8,hybrid,42,197.3,-5.0
8_hcp,8,hybrid,43,216.3,59.3
8_hcp,8,hybrid,44,175.8,10.4
8_hcp,8,hybrid,45,166.4,-13.3
8_hcp,8,hybrid,46,172.3,-12.7
8_hcp,8,hybrid,47,197.3,-18.0
8_hcp,8,hybrid,48,194.8,21.9
8_hcp,8,hybrid,49,188.8,-5.7
8_hcp,8,hybrid,50,170.3,4.7
8_hcp,8,hybrid,51,198.9,0.7
8_hcp,8,hybrid,52,168.8,17.5
8_hcp,8,hybrid,53,204.8,-15.9
8_hcp,8,hybrid,54,230.5,-20.8
8_hcp,8,hybrid,55,192.8,6.8
8_hcp,8,hybrid,56,196.1,14.7
8_hcp,8,hybrid,57,179.8,9.0
8_hcp,8,hybrid,58,159.9,-15.2
8_hcp,8,hybrid,59,178.2,16.4
8_hcp,8,hybrid,60,170.8,-13.8
8_hcp,8,hybrid,61,165.4,-9.1
8_hcp,8,hybrid,62,213.3,-18.0
8_hcp,8,hybrid,63,191.4,29.6
8_hcp,8,hybrid,64,193.0,15.4
8_hcp,8,hybrid,65,182.6,14.8
8_hcp,8,hybrid,66,184.7,28.4
8_hcp,8,hybrid,67,201.9,61.6
8_hcp,8,hybrid,68,186.8,-34.2
8_hcp,8,hybrid,69,195.3,-13.7
8_hcp,8,hybrid,70,184.3,-11.1
8_hcp,8,hybrid,71,182.1,-16.0
8_hcp,8,hybrid,72,166.0,-20.8
8_hcp,8,hybrid,73,157.4,-4.4
8_hcp,8,hybrid,74,183.3,-23.8
8_hcp,8,hybrid,75,188.2,9.1
8_hcp,8,hybrid,76,167.8,3.1
8_hcp,8,hybrid,77,186.8,12.2
8_hcp,8,hybrid,78,188.1,12.8
8_hcp,8,hybrid,79,154.7,14.8
8_hcp,8,hybrid,80,173.5,-5.9
8_hcp,8,hybrid,81,193.5,47.0
8_hcp,8,hybrid,82,193.1,7.0
8_hcp,8,hybrid,83,169.9,-37.5
8_hcp,8,hybrid,84,189.7,-19.2
8_hcp,8,hybrid,85,202.8,-34.9
8_hcp,8,hybrid,86,199.0,2.4
8_hcp,8,hybrid,87,185.9,-0.6
8_hcp,8,hybrid,88,180.2,-7.9
8_hcp,8,hybrid,89,177.8,44.6
8_hcp,8,hybrid,90,194.4,13.6
8_hcp,8,hybrid,91,190.2,17.4
8_hcp,8,hybrid,92,196.8,-17.7
8_hcp,8,hybrid,93,189.3,-19.2
8_hcp,8,hybrid,94,199.7,2.8
8_hcp,8,hybrid,95,188.7,5.7
8_hcp,8,hybrid,96,199.2,-37.3
8_hcp,8,hybrid,97,200.5,-1.8
8_hcp,8,hybrid,98,175.1,2.3
8_hcp,8,hybrid,99,160.0,-2.6
8_hcp,8,hybrid,100,210.6,-15.2
12_hcp,12,hybrid,1,167.9,-7.9
12_hcp,12,hybrid,2,174.2,-16.7
12_hcp,12,hybrid,3,178.8,-58.2
12_hcp,12,hybrid,4,187.7,-6.6
12_hcp,12,hybrid,5,195.9,11.2
12_hcp,12,hybrid,6,172.1,-7.9
12_hcp,12,hybrid,7,169.3,45.9
12_hcp,12,hybrid,8,184.8,3.3
12_hcp,12,hybrid,9,187.8,31.6
12_hcp,12,hybrid,10,169.7,8.8
12_hcp,12,hybrid,11,190.9,21.3
12_hcp,12,hybrid,12,194.2,9.2
12_hcp,12,hybrid,13,199.6,33.3
12_hcp,12,hybrid,14,208.0,4.2
12_hcp,12,hybrid,15,162.3,14.0
12_hcp,12,hybrid,16,177.5,11.1
12_hcp,12,hybrid,17,177.4,-3.4
12_hcp,12,hybrid,18,175.5,12.0
12_hcp,12,hybrid,19,166.0,52.5
12_hcp,12,hybrid,20,151.5,-3.0
12_hcp,12,hybrid,21,178.8,12.3
12_hcp,12,hybrid,22,163.9,30.9
12_hcp,12,hybrid,23,178.7,28.3
12_hcp,12,hybrid,24,163.5,3.3
12_hcp,12,hybrid,25,158.2,-49.8
12_hcp,12,hybrid,26,181.3,14.4
12_hcp,12,hybrid,27,179.8,-46.2
12_hcp,12,hybrid,28,187.3,35.6
12_hcp,12,hybrid,29,215.0,6.8
12_hcp,12,hybrid,30,182.0,25.1
12_hcp,12,hybrid,31,185.6,-17.0
12_hcp,12,hybrid,32,158.6,-31.4
12_hcp,12,hybrid,33,155.0,8.8
12_hcp,12,hybrid,34,204.6,2.3
12_hcp,12,hybrid,35,161.3,-7.9
12_hcp,12,hybrid,36,159.2,4.9
12_hcp,12,hybrid,37,176.6,64.3
12_hcp,12,hybrid,38,175.7,21.5
12_hcp,12,hybrid,39,161.6,26.2
12_hcp,12,hybrid,40,172.0,21.7
12_hcp,12,hybrid,41,198.5,35.8
12_hcp,12,hybrid,42,163.3,-1.2
12_hcp,12,hybrid,43,153.1,-42.5
12_hcp,12,hybrid,44,193.5,-1.2
12_hcp,12,hybrid,45,185.7,21.0
12_hcp,12,hybrid,46,166.5,-18.5
12_hcp,12,hybrid,47,149.9,-0.9
12_hcp,12,hybrid,48,164.4,-12.3
12_hcp,12,hybrid,49,176.3,36.3
12_hcp,12,hybrid,50,197.4,19.6
12_hcp,12,hybrid,51,159.3,17.4
12_hcp,12,hybrid,52,175.8,16.8
12_hcp,12,hybrid,53,188.9,2.2
12_hcp,12,hybrid,54,136.1,7.4
12_hcp,12,hybrid,55,195.1,-23.2
12_hcp,12,hybrid,56,156.8,-45.4
12_hcp,12,hybrid,57,183.0,6.3
12_hcp,12,hybrid,58,181.5,10.2
12_hcp,12,hybrid,59,196.0,29.8
12_hcp,12,hybrid,60,186.8,37.8
12_hcp,12,hybrid,61,136.1,37.8
12_hcp,12,hybrid,62,163.7,-19.1
12_hcp,12,hybrid,63,179.6,-4.8
12_hcp,12,hybrid,64,173.9,13.6
12_hcp,12,hybrid,65,185.5,59.1
12_hcp,12,hybrid,66,190.9,35.8
12_hcp,12,hybrid,67,187.8,27.8
12_hcp,12,hybrid,68,173.5,-5.6
12_hcp,12,hybrid,69,145.3,-16.6
12_hcp,12,hybrid,70,169.4,20.5
12_hcp,12,hybrid,71,184.4,-21.4
12_hcp,12,hybrid,72,158.4,-2.3
12_hcp,12,hybrid,73,188.2,0.5
12_hcp,12,hybrid,74,192.9,38.3
12_hcp,12,hybrid,75,179.4,-4.9
12_hcp,12,hybrid,76,124.3,-51.0
12_hcp,12,hybrid,77,155.1,14.2
12_hcp,12,hybrid,78,209.9,-12.5
12_hcp,12,hybrid,79,167.8,3.9
12_hcp,12,hybrid,80,142.9,1.1
12_hcp,12,hybrid,81,198.6,-3.1
12_hcp,12,hybrid,82,177.5,20.5
12_hcp,12,hybrid,83,196.3,-30.9
12_hcp,12,hybrid,84,182.0,-8.4
12_hcp,12,hybrid,85,185.2,18.1
12_hcp,12,hybrid,86,183.5,-10.6
12_hcp,12,hybrid,87,189.3,-32.6
12_hcp,12,hybrid,88,216.6,17.8
12_hcp,12,hybrid,89,194.0,27.9
12_hcp,12,hybrid,90,149.9,2.0
12_hcp,12,hybrid,91,185.0,-40.4
12_hcp,12,hybrid,92,197.0,18.6
12_hcp,12,hybrid,93,198.0,-33.8
12_hcp,12,hybrid,94,169.9,9.8
12_hcp,12,hybrid,95,197.4,-16.7
12_hcp,12,hybrid,96,193.3,-22.7
12_hcp,12,hybrid,97,221.7,-6.8
12_hcp,12,hybrid,98,164.3,-1.1
12_hcp,12,hybrid,99,168.5,-11.3
12_hcp,12,hybrid,100,171.9,16.0
scratch,0,4i,1,184.3,10.1
scratch,0,4i,2,197.1,4.8
scratch,0,4i,3,190.8,17.9
scratch,0,4i,4,182.0,8.9
scratch,0,4i,5,180.5,21.6
scratch,0,4i,6,173.5,16.4
scratch,0,4i,7,190.9,26.8
scratch,0,4i,8,185.1,6.7
scratch,0,4i,9,167.0,16.2
scratch,0,4i,10,183.5,-4.8
scratch,0,4i,11,180.2,-9.9
scratch,0,4i,12,202.4,30.0
scratch,0,4i,13,173.0,4.2
scratch,0,4i,14,175.4,14.4
scratch,0,4i,15,198.3,2.6
scratch,0,4i,16,200.5,-9.6
scratch,0,4i,17,181.6,0.7
scratch,0,4i,18,182.6,25.3
scratch,0,4i,19,193.8,10.1
scratch,0,4i,20,167.4,-29.1
scratch,0,4i,21,171.6,-3.2
scratch,0,4i,22,185.8,31.3
scratch,0,4i,23,202.2,-3.2
scratch,0,4i,24,184.4,-30.6
scratch,0,4i,25,189.2,33.2
scratch,0,4i,26,198.5,12.3
scratch,0,4i,27,207.2,-0.7
scratch,0,4i,28,183.1,-5.9
scratch,0,4i,29,188.1,19.2
scratch,0,4i,30,204.6,-8.9
scratch,0,4i,31,174.6,20.4
scratch,0,4i,32,197.5,9.9
scratch,0,4i,33,179.1,4.7
scratch,0,4i,34,189.2,3.0
scratch,0,4i,35,186.1,-2.5
scratch,0,4i,36,179.7,18.6
scratch,0,4i,37,179.5,-14.5
scratch,0,4i,38,190.8,-27.5
scratch,0,4i,39,197.2,11.1
scratch,0,4i,40,187.1,11.4
scratch,0,4i,41,188.9,8.8
scratch,0,4i,42,193.4,7.6
scratch,0,4i,43,179.6,-5.0
scratch,0,4i,44,194.9,14.1
scratch,0,4i,45,195.6,-0.3
scratch,0,4i,46,211.7,-7.9
scratch,0,4i,47,184.9,-4.9
scratch,0,4i,48,184.2,35.4
scratch,0,4i,49,195.2,-29.5
scratch,0,4i,50,195.6,9.1
scratch,0,4i,51,183.5,-28.5
scratch,0,4i,52,184.7,-1.4
scratch,0,4i,53,193.1,-7.0
scratch,0,4i,54,180.9,-35.6
scratch,0,4i,55,184.6,7.2
scratch,0,4i,56,189.1,-6.1
scratch,0,4i,57,197.2,-35.8
scratch,0,4i,58,182.9,15.0
scratch,0,4i,59,171.7,25.3
scratch,0,4i,60,171.1,26.3
scratch,0,4i,61,177.0,6.7
scratch,0,4i,62,176.5,1.3
scratch,0,4i,63,186.9,23.5
scratch,0,4i,64,177.6,29.6
scratch,0,4i,65,182.0,20.1
scratch,0,4i,66,181.3,-15.8
scratch,0,4i,67,184.3,4.0
scratch,0,4i,68,200.2,8.1
scratch,0,4i,69,194.2,-30.8
scratch,0,4i,70,188.4,8.6
scratch,0,4i,71,184.2,39.8
scratch,0,4i,72,184.4,11.6
scratch,0,4i,73,191.2,26.0
scratch,0,4i,74,193.5,3.7
scratch,0,4i,75,180.1,-0.8
scratch,0,4i,76,188.6,7.1
scratch,0,4i,77,170.1,-13.6
scratch,0,4i,78,190.2,-16.2
scratch,0,4i,79,195.1,22.4
scratch,0,4i,80,185.8,24.2
scratch,0,4i,81,204.6,-16.6
scratch,0,4i,82,180.4,17.2
scratch,0,4i,83,190.2,-1.0
scratch,0,4i,84,188.0,6.4
scratch,0,4i,85,187.4,8.5
scratch,0,4i,86,187.3,17.7
scratch,0,4i,87,189.3,1.9
scratch,0,4i,88,195.9,24.9
scratch,0,4i,89,200.7,5.9
scratch,0,4i,90,188.3,11.3
scratch,0,4i,91,195.6,-13.9
scratch,0,4i,92,182.0,37.8
scratch,0,4i,93,195.2,8.6
scratch,0,4i,94,181.4,12.8
scratch,0,4i,95,198.1,-27.3
scratch,0,4i,96,208.1,-13.7
scratch,0,4i,97,187.2,21.9
scratch,0,4i,98,168.6,5.5
scratch,0,4i,99,183.4,-32.6
scratch,0,4i,100,199.3,18.5
4_hcp,4,4i,1,171.7,16.3
4_hcp,4,4i,2,194.1,-18.8
4_hcp,4,4i,3,176.9,15.9
4_hcp,4,4i,4,180.3,22.2
4_hcp,4,4i,5,191.4,4.8
4_hcp,4,4i,6,167.6,-2.1
4_hcp,4,4i,7,166.5,8.1
4_hcp,4,4i,8,175.7,-50.1
4_hcp,4,4i,9,187.4,6.4
4_hcp,4,4i,10,162.6,-1.0
4_hcp,4,4i,11,158.8,0.1
4_hcp,4,4i,12,187.3,13.6
4_hcp,4,4i,13,171.0,-0.3
4_hcp,4,4i,14,173.4,-19.3
4_hcp,4,4i,15,156.6,-1.5
4_hcp,4,4i,16,170.1,2.2
4_hcp,4,4i,17,177.8,3.1
4_hcp,4,4i,18,188.6,3.9
4_hcp,4,4i,19,169.1,19.5
4_hcp,4,4i,20,196.9,-18.4
4_hcp,4,4i,21,170.1,4.1
4_hcp,4,4i,22,170.1,24.0
4_hcp,4,4i,23,195.5,-30.0
4_hcp,4,4i,24,180.3,4.2
4_hcp,4,4i,25,171.6,-9.4
4_hcp,4,4i,26,176.1,-5.6
4_hcp,4,4i,27,193.4,-15.1
4_hcp,4,4i,28,194.7,-2.0
4_hcp,4,4i,29,168.5,33.9
4_hcp,4,4i,30,177.4,-21.6
4_hcp,4,4i,31,178.9,-19.9
4_hcp,4,4i,32,166.6,-22.2
4_hcp,4,4i,33,177.3,31.8
4_hcp,4,4i,34,178.0,-7.3
4_hcp,4,4i,35,191.0,0.5
4_hcp,4,4i,36,191.7,-6.2
4_hcp,4,4i,37,174.1,-15.9
4_hcp,4,4i,38,175.5,-3.2
4_hcp,4,4i,39,185.5,44.9
4_hcp,4,4i,40,171.2,25.8
4_hcp,4,4i,41,184.7,-14.2
4_hcp,4,4i,42,176.9,12.6
4_hcp,4,4i,43,166.8,-13.8
4_hcp,4,4i,44,166.9,-30.7
4_hcp,4,4i,45,194.5,19.2
4_hcp,4,4i,46,176.1,21.7
4_hcp,4,4i,47,196.7,19.7
4_hcp,4,4i,48,172.0,-7.4
4_hcp,4,4i,49,181.2,-2.0
4_hcp,4,4i,50,205.3,14.4
4_hcp,4,4i,51,165.8,8.0
4_hcp,4,4i,52,156.1,-6.0
4_hcp,4,4i,53,192.7,-27.9
4_hcp,4,4i,54,168.4,3.0
4_hcp,4,4i,55,177.7,20.3
4_hcp,4,4i,56,171.2,-20.4
4_hcp,4,4i,57,181.0,12.4
4_hcp,4,4i,58,167.0,6.9
4_hcp,4,4i,59,175.8,14.4
4_hcp,4,4i,60,183.1,16.6
4_hcp,4,4i,61,166.3,-11.4
4_hcp,4,4i,62,169.9,-27.9
4_hcp,4,4i,63,173.9,-8.5
4_hcp,4,4i,64,161.5,16.9
4_hcp,4,4i,65,173.1,-8.7
4_hcp,4,4i,66,179.3,-11.4
4_hcp,4,4i,67,173.3,-31.5
4_hcp,4,4i,68,174.8,32.3
4_hcp,4,4i,69,177.7,15.7
4_hcp,4,4i,70,170.4,14.7
4_hcp,4,4i,71,185.8,18.3
4_hcp,4,4i,72,194.4,11.3
4_hcp,4,4i,73,172.6,-3.4
4_hcp,4,4i,74,183.5,-1.9
4_hcp,4,4i,75,175.2,-6.6
4_hcp,4,4i,76,182.1,48.0
4_hcp,4,4i,77,195.9,10.9
4_hcp,4,4i,78,183.7,-7.3
4_hcp,4,4i,79,157.6,9.3
4_hcp,4,4i,80,183.1,-17.0
4_hcp,4,4i,81,192.0,27.8
4_hcp,4,4i,82,175.4,-10.8
4_hcp,4,4i,83,189.3,9.9
4_hcp,4,4i,84,170.0,20.0
4_hcp,4,4i,85,160.9,7.9
4_hcp,4,4i,86,179.5,2.7
4_hcp,4,4i,87,157.8,1.2
4_hcp,4,4i,88,175.2,-0.0
4_hcp,4,4i,89,192.7,-9.3
4_hcp,4,4i,90,156.0,-7.0
4_hcp,4,4i,91,163.2,27.4
4_hcp,4,4i,92,166.1,-0.9
4_hcp,4,4i,93,177.2,-13.0
4_hcp,4,4i,94,173.7,-8.2
4_hcp,4,4i,95,193.9,20.6
4_hcp,4,4i,96,188.8,13.1
4_hcp,4,4i,97,183.6,11.0
4_hcp,4,4i,98,179.6,-3.6
4_hcp,4,4i,99,182.4,11.2
4_hcp,4,4i,100,168.0,-10.5
8_hcp,8,4i,1,165.0,-8.6
8_hcp,8,4i,2,181.8,-24.6
8_hcp,8,4i,3,180.5,21.3
8_hcp,8,4i,4,155.1,-8.2
8_hcp,8,4i,5,156.8,-5.7
8_hcp,8,4i,6,170.0,2.8
8_hcp,8,4i,7,192.2,23.6
8_hcp,8,4i,8,142.3,2.4
8_hcp,8,4i,9,172.3,-20.7
8_hcp,8,4i,10,149.7,12.3
8_hcp,8,4i,11,159.8,-7.2
8_hcp,8,4i,12,163.5,37.7
8_hcp,8,4i,13,162.8,2.0
8_hcp,8,4i,14,161.2,-40.2
8_hcp,8,4i,15,168.6,8.8
8_hcp,8,4i,16,161.2,38.8
8_hcp,8,4i,17,148.5,31.8
8_hcp,8,4i,18,179.2,36.6
8_hcp,8,4i,19,178.8,-17.3
8_hcp,8,4i,20,180.1,19.2
8_hcp,8,4i,21,147.4,-11.6
8_hcp,8,4i,22,172.6,6.2
8_hcp,8,4i,23,177.8,-22.1
8_hcp,8,4i,24,154.4,-10.2
8_hcp,8,4i,25,168.6,-10.8
8_hcp,8,4i,26,166.9,19.0
8_hcp,8,4i,27,193.8,17.1
8_hcp,8,4i,28,194.9,7.2
8_hcp,8,4i,29,145.7,-23.5
8_hcp,8,4i,30,202.7,-3.9
8_hcp,8,4i,31,156.0,-12.1
8_hcp,8,4i,32,182.0,18.4
8_hcp,8,4i,33,181.8,24.3
8_hcp,8,4i,34,154.9,22.0
8_hcp,8,4i,35,175.3,-12.3
8_hcp,8,4i,36,167.0,-49.8
8_hcp,8,4i,37,176.1,-31.4
8_hcp,8,4i,38,171.7,28.9
8_hcp,8,4i,39,184.9,-5.6
8_hcp,8,4i,40,169.6,-12.2
8_hcp,8,4i,41,166.2,33.1
8_hcp,8,4i,42,183.5,25.9
8_hcp,8,4i,43,176.5,2.5
8_hcp,8,4i,44,178.5,-3.5
8_hcp,8,4i,45,159.4,-0.5
8_hcp,8,4i,46,154.2,6.3
8_hcp,8,4i,47,160.7,32.2
8_hcp,8,4i,48,160.0,10.0
8_hcp,8,4i,49,179.3,15.7
8_hcp,8,4i,50,181.9,24.1
8_hcp,8,4i,51,166.4,-20.1
8_hcp,8,4i,52,188.1,16.3
8_hcp,8,4i,53,187.3,-3.6
8_hcp,8,4i,54,171.9,-45.6
8_hcp,8,4i,55,157.3,-38.2
8_hcp,8,4i,56,190.1,-17.2
8_hcp,8,4i,57,167.7,12.0
8_hcp,8,4i,58,170.2,4.2
8_hcp,8,4i,59,163.9,5.5
8_hcp,8,4i,60,156.3,38.9
8_hcp,8,4i,61,148.4,-22.0
8_hcp,8,4i,62,177.2,1.5
8_hcp,8,4i,63,157.8,7.8
8_hcp,8,4i,64,210.4,-11.9
8_hcp,8,4i,65,153.6,2.5
8_hcp,8,4i,66,151.3,-28.2
8_hcp,8,4i,67,175.5,28.7
8_hcp,8,4i,68,189.5,-10.9
8_hcp,8,4i,69,169.4,40.4
8_hcp,8,4i,70,176.4,1.4
8_hcp,8,4i,71,143.3,21.4
8_hcp,8,4i,72,159.2,1.0
8_hcp,8,4i,73,153.8,1.4
8_hcp,8,4i,74,142.6,-9.0
8_hcp,8,4i,75,170.1,4.3
8_hcp,8,4i,76,137.8,8.0
8_hcp,8,4i,77,150.4,-12.8
8_hcp,8,4i,78,161.2,-0.4
8_hcp,8,4i,79,157.1,-9.5
8_hcp,8,4i,80,174.0,45.5
8_hcp,8,4i,81,172.7,0.3
8_hcp,8,4i,82,180.8,31.2
8_hcp,8,4i,83,178.8,-1.7
8_hcp,8,4i,84,184.2,6.9
8_hcp,8,4i,85,168.5,-23.0
8_hcp,8,4i,86,172.7,-6.5
8_hcp,8,4i,87,175.5,6.0
8_hcp,8,4i,88,170.5,32.0
8_hcp,8,4i,89,163.1,6.2
8_hcp,8,4i,90,164.0,28.2
8_hcp,8,4i,91,157.3,14.1
8_hcp,8,4i,92,174.3,32.8
8_hcp,8,4i,93,167.2,0.9
8_hcp,8,4i,94,159.4,47.2
8_hcp,8,4i,95,159.4,-7.2
8_hcp,8,4i,96,151.9,-12.5
8_hcp,8,4i,97,181.9,-20.9
8_hcp,8,4i,98,169.6,46.1
8_hcp,8,4i,99,156.7,17.5
8_hcp,8,4i,100,179.6,-4.3
12_hcp,12,4i,1,178.9,-17.1
12_hcp,12,4i,2,170.1,-7.3
12_hcp,12,4i,3,190.1,18.5
12_hcp,12,4i,4,135.0,23.8
12_hcp,12,4i,5,155.1,1.6
12_hcp,12,4i,6,152.0,3.9
12_hcp,12,4i,7,128.3,18.0
12_hcp,12,4i,8,175.9,5.6
12_hcp,12,4i,9,155.0,-22.6
12_hcp,12,4i,10,170.9,-13.1
12_hcp,12,4i,11,196.3,7.7
12_hcp,12,4i,12,153.7,27.1
12_hcp,12,4i,13,152.7,35.0
12_hcp,12,4i,14,161.1,18.4
12_hcp,12,4i,15,174.8,8.7
12_hcp,12,4i,16,150.4,17.8
12_hcp,12,4i,17,149.4,-10.2
12_hcp,12,4i,18,175.9,-0.0
12_hcp,12,4i,19,165.2,-13.3
12_hcp,12,4i,20,127.2,-21.7
12_hcp,12,4i,21,140.1,9.6
12_hcp,12,4i,22,182.8,6.7
12_hcp,12,4i,23,165.6,16.6
12_hcp,12,4i,24,147.3,13.8
12_hcp,12,4i,25,156.6,7.8
12_hcp,12,4i,26,159.5,14.0
12_hcp,12,4i,27,170.8,2.2
12_hcp,12,4i,28,138.0,11.2
12_hcp,12,4i,29,146.1,-11.4
12_hcp,12,4i,30,163.6,10.3
12_hcp,12,4i,31,157.7,16.2
12_hcp,12,4i,32,168.2,-10.3
12_hcp,12,4i,33,140.0,4.0
12_hcp,12,4i,34,164.9,-9.3
12_hcp,12,4i,35,176.4,-7.4
12_hcp,12,4i,36,166.9,-19.3
12_hcp,12,4i,37,161.5,28.1
12_hcp,12,4i,38,157.8,24.1
12_hcp,12,4i,39,146.2,13.6
12_hcp,12,4i,40,158.1,42.0
12_hcp,12,4i,41,179.0,-0.7
12_hcp,12,4i,42,157.4,63.0
12_hcp,12,4i,43,145.3,-1.5
12_hcp,12,4i,44,151.6,8.1
12_hcp,12,4i,45,162.4,-4.9
12_hcp,12,4i,46,153.4,10.4
12_hcp,12,4i,47,166.9,19.5
12_hcp,12,4i,48,167.5,0.7
12_hcp,12,4i,49,173.2,38.2
12_hcp,12,4i,50,181.6,7.7
12_hcp,12,4i,51,174.9,8.4
12_hcp,12,4i,52,144.6,-15.0
12_hcp,12,4i,53,145.1,11.3
12_hcp,12,4i,54,158.1,0.3
12_hcp,12,4i,55,152.2,-9.0
12_hcp,12,4i,56,141.4,-12.4
12_hcp,12,4i,57,152.3,55.9
12_hcp,12,4i,58,151.8,-2.2
12_hcp,12,4i,59,148.7,-25.8
12_hcp,12,4i,60,154.3,-10.8
12_hcp,12,4i,61,177.8,2.0
12_hcp,12,4i,62,162.4,13.8
12_hcp,12,4i,63,198.1,14.0
12_hcp,12,4i,64,162.0,16.4
12_hcp,12,4i,65,154.7,-9.8
12_hcp,12,4i,66,159.3,9.7
12_hcp,12,4i,67,163.3,-14.3
12_hcp,12,4i,68,166.1,-9.3
12_hcp,12,4i,69,191.9,-15.2
12_hcp,12,4i,70,146.0,-20.5
12_hcp,12,4i,71,172.8,24.1
12_hcp,12,4i,72,162.5,16.6
12_hcp,12,4i,73,134.6,22.3
12_hcp,12,4i,74,171.4,3.8
12_hcp,12,4i,75,179.2,18.4
12_hcp,12,4i,76,145.8,-31.9
12_hcp,12,4i,77,159.1,20.1
12_hcp,12,4i,78,132.2,6.5
12_hcp,12,4i,79,139.5,15.4
12_hcp,12,4i,80,175.7,10.5
12_hcp,12,4i,81,152.0,-16.5
12_hcp,12,4i,82,141.9,-26.7
12_hcp,12,4i,83,162.9,-11.1
12_hcp,12,4i,84,151.1,14.2
12_hcp,12,4i,85,151.9,16.7
12_hcp,12,4i,86,170.9,-24.1
12_hcp,12,4i,87,141.1,-16.4
12_hcp,12,4i,88,145.1,-11.3
12_hcp,12,4i,89,161.7,-4.1
12_hcp,12,4i,90,174.5,-24.0
12_hcp,12,4i,91,178.7,-25.1
12_hcp,12,4i,92,148.8,-13.3
12_hcp,12,4i,93,174.0,4.7
12_hcp,12,4i,94,147.0,-20.4
12_hcp,12,4i,95,187.9,0.7
12_hcp,12,4i,96,141.5,24.0
12_hcp,12,4i,97,180.1,-22.8
12_hcp,12,4i,98,149.0,-1.1
12_hcp,12,4i,99,190.9,23.3
12_hcp,12,4i,100,168.6,-5.3
scratch,0,5i,1,173.6,9.3
scratch,0,5i,2,187.6,33.6
scratch,0,5i,3,175.7,15.6
scratch,0,5i,4,187.1,16.2
scratch,0,5i,5,181.7,50.1
scratch,0,5i,6,175.4,8.8
scratch,0,5i,7,182.1,8.3
scratch,0,5i,8,180.8,11.8
scratch,0,5i,9,186.5,-15.7
scratch,0,5i,10,173.8,-6.6
scratch,0,5i,11,178.5,-7.6
scratch,0,5i,12,177.7,10.9
scratch,0,5i,13,183.9,-2.3
scratch,0,5i,14,169.9,2.7
scratch,0,5i,15,186.4,18.0
scratch,0,5i,16,182.0,14.4
scratch,0,5i,17,167.5,-2.1
scratch,0,5i,18,188.0,-10.3
scratch,0,5i,19,196.3,18.7
scratch,0,5i,20,186.3,12.9
scratch,0,5i,21,189.8,-25.3
scratch,0,5i,22,178.9,-4.5
scratch,0,5i,23,164.7,3.2
scratch,0,5i,24,163.3,13.0
scratch,0,5i,25,180.3,15.1
scratch,0,5i,26,173.4,5.1
scratch,0,5i,27,170.8,9.9
scratch,0,5i,28,177.7,1.5
scratch,0,5i,29,183.2,-10.3
scratch,0,5i,30,166.4,-3.7
scratch,0,5i,31,174.6,0.8
scratch,0,5i,32,190.4,-0.1
scratch,0,5i,33,169.5,-29.8
scratch,0,5i,34,185.2,-5.9
scratch,0,5i,35,174.3,1.4
scratch,0,5i,36,182.6,-4.0
scratch,0,5i,37,187.1,-3.5
scratch,0,5i,38,184.2,8.3
scratch,0,5i,39,185.6,-16.8
scratch,0,5i,40,168.9,-25.7
scratch,0,5i,41,187.2,-5.1
scratch,0,5i,42,171.3,12.8
scratch,0,5i,43,180.3,27.6
scratch,0,5i,44,180.3,13.1
scratch,0,5i,45,182.1,-23.1
scratch,0,5i,46,180.9,-3.2
scratch,0,5i,47,171.4,4.6
scratch,0,5i,48,167.3,3.4
scratch,0,5i,49,185.3,9.2
scratch,0,5i,50,179.7,-14.2
scratch,0,5i,51,187.5,1.5
scratch,0,5i,52,177.8,7.3
scratch,0,5i,53,166.8,13.8
scratch,0,5i,54,186.0,-12.4
scratch,0,5i,55,175.2,-5.0
scratch,0,5i,56,181.0,-42.9
scratch,0,5i,57,173.0,-9.5
scratch,0,5i,58,191.5,-7.9
scratch,0,5i,59,171.1,-15.9
scratch,0,5i,60,175.5,3.2
scratch,0,5i,61,179.1,-0.4
scratch,0,5i,62,169.4,-35.8
scratch,0,5i,63,180.9,4.0
scratch,0,5i,64,191.3,-14.4
scratch,0,5i,65,174.2,8.3
scratch,0,5i,66,181.4,-20.1
scratch,0,5i,67,155.9,1.0
scratch,0,5i,68,177.9,-4.0
scratch,0,5i,69,175.7,5.4
scratch,0,5i,70,171.6,2.5
scratch,0,5i,71,187.0,-3.6
scratch,0,5i,72,175.6,-24.2
scratch,0,5i,73,176.8,-23.2
scratch,0,5i,74,175.1,-8.9
scratch,0,5i,75,162.7,0.4
scratch,0,5i,76,169.0,-9.3
scratch,0,5i,77,186.0,10.5
scratch,0,5i,78,161.1,-4.0
scratch,0,5i,79,172.0,-15.0
scratch,0,5i,80,175.0,-4.0
scratch,0,5i,81,192.3,4.1
scratch,0,5i,82,184.4,5.7
scratch,0,5i,83,173.7,30.7
scratch,0,5i,84,188.8,-10.2
scratch,0,5i,85,172.2,-0.7
scratch,0,5i,86,186.4,7.3
scratch,0,5i,87,167.2,0.1
scratch,0,5i,88,186.9,-7.5
scratch,0,5i,89,174.9,-24.4
scratch,0,5i,90,169.9,-7.7
scratch,0,5i,91,176.4,-16.7
scratch,0,5i,92,180.4,-27.2
scratch,0,5i,93,174.2,-12.3
scratch,0,5i,94,182.7,-16.3
scratch,0,5i,95,173.5,9.9
scratch,0,5i,96,183.2,10.2
scratch,0,5i,97,181.8,-14.0
scratch,0,5i,98,177.7,-3.7
scratch,0,5i,99,174.6,-29.4
scratch,0,5i,100,179.4,-7.4
4_hcp,4,5i,1,171.8,-3.0
4_hcp,4,5i,2,176.2,22.9
4_hcp,4,5i,3,160.3,11.5
4_hcp,4,5i,4,178.6,-18.7
4_hcp,4,5i,5,152.1,3.7
4_hcp,4,5i,6,154.8,28.3
4_hcp,4,5i,7,175.0,-2.0
4_hcp,4,5i,8,184.9,8.4
4_hcp,4,5i,9,172.8,10.0
4_hcp,4,5i,10,167.3,-16.2
4_hcp,4,5i,11,145.0,9.5
4_hcp,4,5i,12,146.8,-22.1
4_hcp,4,5i,13,169.0,-9.4
4_hcp,4,5i,14,164.0,18.8
4_hcp,4,5i,15,156.3,6.9
4_hcp,4,5i,16,168.4,-4.0
4_hcp,4,5i,17,168.9,8.4
4_hcp,4,5i,18,177.4,0.0
4_hcp,4,5i,19,169.1,1.2
4_hcp,4,5i,20,180.4,11.9
4_hcp,4,5i,21,167.8,-11.0
4_hcp,4,5i,22,166.5,1.7
4_hcp,4,5i,23,178.7,-4.2
4_hcp,4,5i,24,157.6,-25.3
4_hcp,4,5i,25,196.7,-14.2
4_hcp,4,5i,26,171.6,27.0
4_hcp,4,5i,27,171.6,7.4
4_hcp,4,5i,28,173.1,-20.9
4_hcp,4,5i,29,187.1,-24.5
4_hcp,4,5i,30,175.9,-0.9
4_hcp,4,5i,31,151.1,26.9
4_hcp,4,5i,32,182.2,-2.1
4_hcp,4,5i,33,164.2,22.6
4_hcp,4,5i,34,168.8,6.8
4_hcp,4,5i,35,154.5,8.8
4_hcp,4,5i,36,173.1,-21.1
4_hcp,4,5i,37,161.0,16.5
4_hcp,4,5i,38,168.7,-4.5
4_hcp,4,5i,39,164.8,15.3
4_hcp,4,5i,40,187.6,-12.5
4_hcp,4,5i,41,188.2,3.9
4_hcp,4,5i,42,168.2,6.8
4_hcp,4,5i,43,168.4,-1.6
4_hcp,4,5i,44,163.8,7.7
4_hcp,4,5i,45,179.1,-3.4
4_hcp,4,5i,46,164.3,-9.7
4_hcp,4,5i,47,163.4,27.6
4_hcp,4,5i,48,177.8,18.4
4_hcp,4,5i,49,162.1,-11.6
4_hcp,4,5i,50,167.3,10.4
4_hcp,4,5i,51,151.4,-11.3
4_hcp,4,5i,52,175.0,-18.6
4_hcp,4,5i,53,187.7,18.1
4_hcp,4,5i,54,175.1,-27.2
4_hcp,4,5i,55,182.8,16.4
4_hcp,4,5i,56,159.0,-3.2
4_hcp,4,5i,57,170.1,-2.5
4_hcp,4,5i,58,158.0,7.8
4_hcp,4,5i,59,165.3,10.6
4_hcp,4,5i,60,175.7,-12.7
4_hcp,4,5i,61,168.8,12.9
4_hcp,4,5i,62,153.1,2.9
4_hcp,4,5i,63,154.1,-19.8
4_hcp,4,5i,64,153.4,-1.8
4_hcp,4,5i,65,172.8,23.9
4_hcp,4,5i,66,189.0,28.8
4_hcp,4,5i,67,181.8,12.9
4_hcp,4,5i,68,148.1,-18.7
4_hcp,4,5i,69,182.4,9.1
4_hcp,4,5i,70,177.4,15.1
4_hcp,4,5i,71,151.8,13.0
4_hcp,4,5i,72,164.6,14.0
4_hcp,4,5i,73,179.0,7.0
4_hcp,4,5i,74,173.4,-0.2
4_hcp,4,5i,75,154.2,-9.1
4_hcp,4,5i,76,174.0,-30.4
4_hcp,4,5i,77,145.6,6.6
4_hcp,4,5i,78,165.4,4.1
4_hcp,4,5i,79,179.4,10.2
4_hcp,4,5i,80,167.9,-21.2
4_hcp,4,5i,81,162.6,11.7
4_hcp,4,5i,82,176.9,35.0
4_hcp,4,5i,83,177.8,2.3
4_hcp,4,5i,84,181.2,-0.0
4_hcp,4,5i,85,176.7,6.1
4_hcp,4,5i,86,178.9,34.7
4_hcp,4,5i,87,175.3,-16.0
4_hcp,4,5i,88,170.4,4.4
4_hcp,4,5i,89,168.6,-12.2
4_hcp,4,5i,90,165.3,-8.1
4_hcp,4,5i,91,155.2,0.2
4_hcp,4,5i,92,157.8,23.3
4_hcp,4,5i,93,164.8,30.8
4_hcp,4,5i,94,170.2,8.4
4_hcp,4,5i,95,182.6,-5.2
4_hcp,4,5i,96,167.3,42.3
4_hcp,4,5i,97,178.1,-6.1
4_hcp,4,5i,98,178.8,-8.5
4_hcp,4,5i,99,165.3,-28.4
4_hcp,4,5i,100,173.8,24.1
8_hcp,8,5i,1,170.2,1.1
8_hcp,8,5i,2,188.0,-13.6
8_hcp,8,5i,3,141.2,-11.0
8_hcp,8,5i,4,176.2,-11.7
8_hcp,8,5i,5,159.1,11.2
8_hcp,8,5i,6,168.2,-2.1
8_hcp,8,5i,7,138.0,-1.1
8_hcp,8,5i,8,176.3,12.5
8_hcp,8,5i,9,167.9,-0.5
8_hcp,8,5i,10,157.8,-2.9
8_hcp,8,5i,11,166.2,10.2
8_hcp,8,5i,12,148.8,13.7
8_hcp,8,5i,13,151.1,-0.6
8_hcp,8,5i,14,152.6,3.4
8_hcp,8,5i,15,135.5,-11.7
8_hcp,8,5i,16,168.9,-13.1
8_hcp,8,5i,17,172.9,15.5
8_hcp,8,5i,18,149.6,9.8
8_hcp,8,5i,19,162.5,10.0
8_hcp,8,5i,20,155.0,6.9
8_hcp,8,5i,21,162.3,2.8
8_hcp,8,5i,22,150.5,14.2
8_hcp,8,5i,23,147.4,18.4
8_hcp,8,5i,24,171.2,18.0
8_hcp,8,5i,25,157.5,0.2
8_hcp,8,5i,26,183.1,26.3
8_hcp,8,5i,27,158.8,6.0
8_hcp,8,5i,28,146.9,13.1
8_hcp,8,5i,29,173.4,6.9
8_hcp,8,5i,30,166.0,6.3
8_hcp,8,5i,31,167.2,-10.9
8_hcp,8,5i,32,172.9,14.3
8_hcp,8,5i,33,150.2,51.9
8_hcp,8,5i,34,156.7,-4.6
8_hcp,8,5i,35,156.2,3.2
8_hcp,8,5i,36,142.4,-5.8
8_hcp,8,5i,37,155.0,-6.6
8_hcp,8,5i,38,174.7,29.1
8_hcp,8,5i,39,161.2,-9.8
8_hcp,8,5i,40,141.7,-6.3
8_hcp,8,5i,41,139.1,-25.8
8_hcp,8,5i,42,178.7,-11.3
8_hcp,8,5i,43,157.1,-27.9
8_hcp,8,5i,44,150.3,13.1
8_hcp,8,5i,45,154.9,51.1
8_hcp,8,5i,46,140.1,-4.4
8_hcp,8,5i,47,175.8,-27.2
8_hcp,8,5i,48,153.4,17.8
8_hcp,8,5i,49,175.1,-10.7
8_hcp,8,5i,50,158.9,24.8
8_hcp,8,5i,51,175.8,-2.9
8_hcp,8,5i,52,161.4,-9.1
8_hcp,8,5i,53,168.8,-1.1
8_hcp,8,5i,54,167.1,15.3
8_hcp,8,5i,55,165.9,-2.0
8_hcp,8,5i,56,162.5,-6.7
8_hcp,8,5i,57,155.4,-1.5
8_hcp,8,5i,58,181.8,-20.3
8_hcp,8,5i,59,147.1,9.0
8_hcp,8,5i,60,158.3,-29.3
8_hcp,8,5i,61,158.4,-5.8
8_hcp,8,5i,62,163.2,15.3
8_hcp,8,5i,63,153.0,7.3
8_hcp,8,5i,64,162.1,12.3
8_hcp,8,5i,65,156.2,0.9
8_hcp,8,5i,66,138.8,22.5
8_hcp,8,5i,67,158.4,18.2
8_hcp,8,5i,68,144.7,9.8
8_hcp,8,5i,69,136.9,18.3
8_hcp,8,5i,70,159.9,15.2
8_hcp,8,5i,71,164.3,-5.7
8_hcp,8,5i,72,164.7,-21.6
8_hcp,8,5i,73,165.2,9.4
8_hcp,8,5i,74,134.5,11.6
8_hcp,8,5i,75,141.5,21.1
8_hcp,8,5i,76,182.5,-14.4
8_hcp,8,5i,77,145.4,-13.9
8_hcp,8,5i,78,165.8,10.1
8_hcp,8,5i,79,149.8,0.8
8_hcp,8,5i,80,159.2,-31.1
8_hcp,8,5i,81,150.5,8.6
8_hcp,8,5i,82,165.2,-30.5
8_hcp,8,5i,83,159.9,-14.6
8_hcp,8,5i,84,152.7,25.7
8_hcp,8,5i,85,145.3,34.0
8_hcp,8,5i,86,161.6,-19.3
8_hcp,8,5i,87,143.3,-3.8
8_hcp,8,5i,88,163.5,2.7
8_hcp,8,5i,89,190.6,33.2
8_hcp,8,5i,90,174.9,-6.6
8_hcp,8,5i,91,167.1,-6.4
8_hcp,8,5i,92,157.2,29.1
8_hcp,8,5i,93,134.4,-4.6
8_hcp,8,5i,94,142.0,14.7
8_hcp,8,5i,95,174.0,-23.9
8_hcp,8,5i,96,148.5,-1.0
8_hcp,8,5i,97,149.7,-27.1
8_hcp,8,5i,98,156.2,-16.5
8_hcp,8,5i,99,145.2,16.7
8_hcp,8,5i,100,143.2,1.1
12_hcp,12,5i,1,145.4,14.8
12_hcp,12,5i,2,139.4,15.2
12_hcp,12,5i,3,146.8,-25.1
12_hcp,12,5i,4,154.2,-1.3
12_hcp,12,5i,5,163.8,-26.8
12_hcp,12,5i,6,112.8,48.1
12_hcp,12,5i,7,138.2,-26.4
12_hcp,12,5i,8,152.2,-16.3
12_hcp,12,5i,9,148.5,-16.2
12_hcp,12,5i,10,155.6,-24.6
12_hcp,12,5i,11,153.7,27.9
12_hcp,12,5i,12,145.6,47.7
12_hcp,12,5i,13,142.5,-5.8
12_hcp,12,5i,14,146.5,-21.4
12_hcp,12,5i,15,166.2,-38.3
12_hcp,12,5i,16,139.6,-1.5
12_hcp,12,5i,17,149.0,-2.8
12_hcp,12,5i,18,152.5,-9.0
12_hcp,12,5i,19,172.0,7.1
12_hcp,12,5i,20,145.7,10.3
12_hcp,12,5i,21,163.5,9.0
12_hcp,12,5i,22,167.3,-2.8
12_hcp,12,5i,23,149.0,-17.3
12_hcp,12,5i,24,147.0,15.3
12_hcp,12,5i,25,145.3,3.2
12_hcp,12,5i,26,146.3,19.4
12_hcp,12,5i,27,162.0,17.6
12_hcp,12,5i,28,153.2,-23.2
12_hcp,12,5i,29,153.3,-23.5
12_hcp,12,5i,30,134.0,-10.9
12_hcp,12,5i,31,136.3,-16.5
12_hcp,12,5i,32,180.2,16.9
12_hcp,12,5i,33,147.4,9.5
12_hcp,12,5i,34,139.0,23.3
12_hcp,12,5i,35,170.2,10.3
12_hcp,12,5i,36,153.9,6.8
12_hcp,12,5i,37,158.1,25.1
12_hcp,12,5i,38,148.0,11.7
12_hcp,12,5i,39,145.4,4.3
12_hcp,12,5i,40,147.5,30.3
12_hcp,12,5i,41,130.4,5.1
12_hcp,12,5i,42,148.7,-2.6
12_hcp,12,5i,43,154.1,-12.5
12_hcp,12,5i,44,176.1,16.0
12_hcp,12,5i,45,151.2,25.8
12_hcp,12,5i,46,117.0,2.1
12_hcp,12,5i,47,148.6,27.1
12_hcp,12,5i,48,188.6,-33.3
12_hcp,12,5i,49,162.2,2.0
12_hcp,12,5i,50,138.5,2.3
12_hcp,12,5i,51,158.3,-10.4
12_hcp,12,5i,52,139.5,47.0
12_hcp,12,5i,53,130.8,1.8
12_hcp,12,5i,54,145.0,-4.5
12_hcp,12,5i,55,151.2,3.5
12_hcp,12,5i,56,123.5,-33.9
12_hcp,12,5i,57,133.7,-11.0
12_hcp,12,5i,58,150.1,21.1
12_hcp,12,5i,59,144.2,-8.6
12_hcp,12,5i,60,155.5,-12.3
12_hcp,12,5i,61,132.8,27.2
12_hcp,12,5i,62,160.0,27.7
12_hcp,12,5i,63,133.2,12.5
12_hcp,12,5i,64,173.1,-5.4
12_hcp,12,5i,65,125.7,-1.4
12_hcp,12,5i,66,134.5,-11.8
12_hcp,12,5i,67,155.8,-15.3
12_hcp,12,5i,68,173.5,-16.3
12_hcp,12,5i,69,154.4,-8.4
12_hcp,12,5i,70,157.9,-16.1
12_hcp,12,5i,71,150.2,-25.8
12_hcp,12,5i,72,135.4,7.0
12_hcp,12,5i,73,143.0,7.3
12_hcp,12,5i,74,132.8,34.4
12_hcp,12,5i,75,131.9,-9.3
12_hcp,12,5i,76,155.6,8.5
12_hcp,12,5i,77,134.1,8.8
12_hcp,12,5i,78,154.5,-1.7
12_hcp,12,5i,79,131.5,16.7
12_hcp,12,5i,80,154.1,17.3
12_hcp,12,5i,81,143.0,9.0
12_hcp,12,5i,82,169.8,-1.7
12_hcp,12,5i,83,154.5,-3.6
12_hcp,12,5i,84,167.4,-22.2
12_hcp,12,5i,85,139.3,-11.9
12_hcp,12,5i,86,150.7,-8.5
12_hcp,12,5i,87,136.1,-17.7
12_hcp,12,5i,88,144.1,11.1
12_hcp,12,5i,89,146.2,25.1
12_hcp,12,5i,90,139.7,-13.7
12_hcp,12,5i,91,132.8,8.2
12_hcp,12,5i,92,130.0,-16.1
12_hcp,12,5i,93,116.9,-2.6
12_hcp,12,5i,94,135.0,-9.7
12_hcp,12,5i,95,158.8,14.1
12_hcp,12,5i,96,127.3,-9.5
12_hcp,12,5i,97,130.6,21.7
12_hcp,12,5i,98,175.2,-1.5
12_hcp,12,5i,99,140.9,-9.0
12_hcp,12,5i,100,154.5,-20.1
scratch,0,6i,1,172.2,9.0
scratch,0,6i,2,177.2,3.1
scratch,0,6i,3,172.4,-11.2
scratch,0,6i,4,187.6,28.3
scratch,0,6i,5,181.3,-4.8
scratch,0,6i,6,167.9,12.2
scratch,0,6i,7,167.8,-35.9
scratch,0,6i,8,173.9,19.7
scratch,0,6i,9,163.8,22.6
scratch,0,6i,10,179.3,0.9
scratch,0,6i,11,173.1,8.9
scratch,0,6i,12,172.3,8.9
scratch,0,6i,13,175.6,-9.2
scratch,0,6i,14,183.6,8.7
scratch,0,6i,15,171.6,-11.7
scratch,0,6i,16,169.4,-8.7
scratch,0,6i,17,182.0,17.5
scratch,0,6i,18,177.8,15.2
scratch,0,6i,19,167.8,-10.1
scratch,0,6i,20,170.3,-10.5
scratch,0,6i,21,171.8,-9.2
scratch,0,6i,22,173.1,11.5
scratch,0,6i,23,159.8,-14.5
scratch,0,6i,24,158.3,5.9
scratch,0,6i,25,163.4,11.7
scratch,0,6i,26,162.8,-0.8
scratch,0,6i,27,165.3,15.7
scratch,0,6i,28,175.2,-4.1
scratch,0,6i,29,169.0,-2.7
scratch,0,6i,30,171.8,-14.2
scratch,0,6i,31,160.8,15.8
scratch,0,6i,32,166.7,-11.0
scratch,0,6i,33,174.8,5.8
scratch,0,6i,34,174.9,-0.6
scratch,0,6i,35,164.7,-15.3
scratch,0,6i,36,171.5,-8.7
scratch,0,6i,37,187.3,21.3
scratch,0,6i,38,170.1,3.5
scratch,0,6i,39,164.9,-14.7
scratch,0,6i,40,168.9,5.1
scratch,0,6i,41,171.0,-1.7
scratch,0,6i,42,169.1,52.5
scratch,0,6i,43,170.0,4.8
scratch,0,6i,44,159.1,-5.2
scratch,0,6i,45,162.8,21.9
scratch,0,6i,46,169.1,-27.2
scratch,0,6i,47,169.0,1.9
scratch,0,6i,48,165.9,30.5
scratch,0,6i,49,168.9,-1.2
scratch,0,6i,50,170.8,-25.6
scratch,0,6i,51,177.2,-5.5
scratch,0,6i,52,169.5,22.4
scratch,0,6i,53,173.4,6.2
scratch,0,6i,54,166.1,-12.1
scratch,0,6i,55,174.7,-9.8
scratch,0,6i,56,173.2,-7.9
scratch,0,6i,57,177.0,5.9
scratch,0,6i,58,175.8,20.6
scratch,0,6i,59,174.8,16.3
scratch,0,6i,60,169.5,7.4
scratch,0,6i,61,172.2,-19.5
scratch,0,6i,62,178.5,-19.5
scratch,0,6i,63,165.2,8.5
scratch,0,6i,64,165.4,-19.7
scratch,0,6i,65,171.7,-2.9
scratch,0,6i,66,173.5,5.1
scratch,0,6i,67,163.9,-16.6
scratch,0,6i,68,169.7,-14.9
scratch,0,6i,69,169.6,-0.9
scratch,0,6i,70,153.1,8.1
scratch,0,6i,71,168.6,16.5
scratch,0,6i,72,169.1,9.6
scratch,0,6i,73,169.0,1.6
scratch,0,6i,74,181.2,-10.7
scratch,0,6i,75,160.9,-15.6
scratch,0,6i,76,163.9,-7.2
scratch,0,6i,77,150.1,6.7
scratch,0,6i,78,166.6,5.6
scratch,0,6i,79,167.2,-31.1
scratch,0,6i,80,166.3,-11.3
scratch,0,6i,81,178.9,18.6
scratch,0,6i,82,176.9,1.7
scratch,0,6i,83,170.9,-20.8
scratch,0,6i,84,167.4,36.0
scratch,0,6i,85,178.2,0.1
scratch,0,6i,86,170.1,6.3
scratch,0,6i,87,163.9,6.5
scratch,0,6i,88,157.0,-5.0
scratch,0,6i,89,166.9,-10.4
scratch,0,6i,90,176.1,32.4
scratch,0,6i,91,187.9,15.6
scratch,0,6i,92,170.8,12.9
scratch,0,6i,93,164.4,9.2
scratch,0,6i,94,161.1,-14.6
scratch,0,6i,95,174.6,19.7
scratch,0,6i,96,156.6,-12.2
scratch,0,6i,97,174.5,4.8
scratch,0,6i,98,176.6,-24.2
scratch,0,6i,99,173.7,-30.2
scratch,0,6i,100,168.6,5.3
4_hcp,4,6i,1,151.9,-5.9
4_hcp,4,6i,2,140.3,18.0
4_hcp,4,6i,3,165.2,-10.2
4_hcp,4,6i,4,180.8,-8.2
4_hcp,4,6i,5,173.6,1.2
4_hcp,4,6i,6,157.4,1.0
4_hcp,4,6i,7,160.0,5.0
4_hcp,4,6i,8,168.6,33.4
4_hcp,4,6i,9,170.9,6.2
4_hcp,4,6i,10,156.5,-35.9
4_hcp,4,6i,11,160.2,6.1
4_hcp,4,6i,12,162.9,1.6
4_hcp,4,6i,13,165.4,1.7
4_hcp,4,6i,14,158.6,4.8
4_hcp,4,6i,15,158.7,0.6
4_hcp,4,6i,16,173.5,0.2
4_hcp,4,6i,17,171.8,10.5
4_hcp,4,6i,18,164.6,-7.4
4_hcp,4,6i,19,176.8,-13.7
4_hcp,4,6i,20,156.1,47.9
4_hcp,4,6i,21,175.9,-10.1
4_hcp,4,6i,22,165.2,2.6
4_hcp,4,6i,23,192.1,-22.2
4_hcp,4,6i,24,148.2,2.8
4_hcp,4,6i,25,153.1,-13.5
4_hcp,4,6i,26,164.0,-5.9
4_hcp,4,6i,27,163.8,17.2
4_hcp,4,6i,28,179.1,8.3
4_hcp,4,6i,29,153.3,9.8
4_hcp,4,6i,30,168.8,-26.5
4_hcp,4,6i,31,171.3,29.5
4_hcp,4,6i,32,166.8,-17.5
4_hcp,4,6i,33,150.4,24.7
4_hcp,4,6i,34,173.8,16.8
4_hcp,4,6i,35,172.0,10.0
4_hcp,4,6i,36,165.8,-12.3
4_hcp,4,6i,37,161.9,3.4
4_hcp,4,6i,38,162.1,-6.3
4_hcp,4,6i,39,159.1,1.5
4_hcp,4,6i,40,166.2,-2.9
4_hcp,4,6i,41,160.2,-30.6
4_hcp,4,6i,42,151.6,18.4
4_hcp,4,6i,43,149.6,-0.3
4_hcp,4,6i,44,152.5,-6.5
4_hcp,4,6i,45,162.1,-7.7
4_hcp,4,6i,46,159.6,6.6
4_hcp,4,6i,47,162.0,-12.9
4_hcp,4,6i,48,164.8,-34.0
4_hcp,4,6i,49,153.7,7.3
4_hcp,4,6i,50,174.3,9.0
4_hcp,4,6i,51,157.3,-2.1
4_hcp,4,6i,52,155.6,-16.8
4_hcp,4,6i,53,164.6,2.4
4_hcp,4,6i,54,141.8,-21.7
4_hcp,4,6i,55,152.1,-14.9
4_hcp,4,6i,56,169.6,-10.6
4_hcp,4,6i,57,142.8,14.1
4_hcp,4,6i,58,170.9,-4.6
4_hcp,4,6i,59,174.8,-5.9
4_hcp,4,6i,60,156.3,31.3
4_hcp,4,6i,61,162.8,6.5
4_hcp,4,6i,62,170.9,6.3
4_hcp,4,6i,63,155.3,-4.7
4_hcp,4,6i,64,168.4,-8.2
4_hcp,4,6i,65,153.3,-32.9
4_hcp,4,6i,66,155.2,16.0
4_hcp,4,6i,67,152.0,7.9
4_hcp,4,6i,68,163.3,-1.8
4_hcp,4,6i,69,171.3,-1.1
4_hcp,4,6i,70,158.1,12.4
4_hcp,4,6i,71,147.4,-23.1
4_hcp,4,6i,72,149.2,-8.1
4_hcp,4,6i,73,163.8,-16.6
4_hcp,4,6i,74,178.0,28.5
4_hcp,4,6i,75,163.8,14.6
4_hcp,4,6i,76,156.1,-33.1
4_hcp,4,6i,77,167.4,-22.5
4_hcp,4,6i,78,157.5,-1.1
4_hcp,4,6i,79,156.2,-6.3
4_hcp,4,6i,80,150.5,-19.5
4_hcp,4,6i,81,173.8,31.1
4_hcp,4,6i,82,134.9,5.8
4_hcp,4,6i,83,167.8,8.4
4_hcp,4,6i,84,155.3,-9.7
4_hcp,4,6i,85,155.9,12.2
4_hcp,4,6i,86,176.6,-4.9
4_hcp,4,6i,87,152.9,-3.4
4_hcp,4,6i,88,153.2,10.5
4_hcp,4,6i,89,158.6,-24.3
4_hcp,4,6i,90,164.0,25.8
4_hcp,4,6i,91,155.6,3.8
4_hcp,4,6i,92,144.4,20.9
4_hcp,4,6i,93,151.4,-15.7
4_hcp,4,6i,94,172.5,-13.3
4_hcp,4,6i,95,160.6,-17.0
4_hcp,4,6i,96,164.3,4.9
4_hcp,4,6i,97,157.3,2.0
4_hcp,4,6i,98,153.4,-6.2
4_hcp,4,6i,99,176.4,-14.7
4_hcp,4,6i,100,158.0,-18.6
8_hcp,8,6i,1,150.0,-22.4
8_hcp,8,6i,2,145.1,19.8
8_hcp,8,6i,3,142.5,-19.4
8_hcp,8,6i,4,168.6,15.1
8_hcp,8,6i,5,149.6,-9.5
8_hcp,8,6i,6,165.4,28.3
8_hcp,8,6i,7,144.3,14.3
8_hcp,8,6i,8,153.4,-14.5
8_hcp,8,6i,9,149.9,-13.0
8_hcp,8,6i,10,130.7,11.9
8_hcp,8,6i,11,167.3,-2.3
8_hcp,8,6i,12,149.0,-0.8
8_hcp,8,6i,13,159.3,22.9
8_hcp,8,6i,14,141.7,-10.3
8_hcp,8,6i,15,148.6,3.5
8_hcp,8,6i,16,140.4,17.7
8_hcp,8,6i,17,165.0,15.3
8_hcp,8,6i,18,154.2,-0.6
8_hcp,8,6i,19,154.8,-2.7
8_hcp,8,6i,20,166.4,-26.5
8_hcp,8,6i,21,164.1,-15.3
8_hcp,8,6i,22,159.5,7.2
8_hcp,8,6i,23,133.9,-0.3
8_hcp,8,6i,24,142.4,3.2
8_hcp,8,6i,25,138.8,19.0
8_hcp,8,6i,26,159.1,-17.5
8_hcp,8,6i,27,152.5,-1.9
8_hcp,8,6i,28,134.3,5.1
8_hcp,8,6i,29,148.3,-9.5
8_hcp,8,6i,30,133.1,25.5
8_hcp,8,6i,31,149.9,16.9
8_hcp,8,6i,32,131.2,6.8
8_hcp,8,6i,33,156.7,31.4
8_hcp,8,6i,34,155.0,-22.6
8_hcp,8,6i,35,172.9,1.9
8_hcp,8,6i,36,160.5,8.0
8_hcp,8,6i,37,145.6,-13.0
8_hcp,8,6i,38,160.1,6.9
8_hcp,8,6i,39,134.2,-16.1
8_hcp,8,6i,40,139.3,13.3
8_hcp,8,6i,41,154.4,19.3
8_hcp,8,6i,42,125.3,6.5
8_hcp,8,6i,43,150.1,-28.4
8_hcp,8,6i,44,138.6,-13.9
8_hcp,8,6i,45,151.7,11.3
8_hcp,8,6i,46,137.9,2.3
8_hcp,8,6i,47,155.5,-42.2
8_hcp,8,6i,48,150.8,22.4
8_hcp,8,6i,49,166.9,4.2
8_hcp,8,6i,50,150.6,-11.4
8_hcp,8,6i,51,141.5,18.3
8_hcp,8,6i,52,147.7,-9.1
8_hcp,8,6i,53,134.8,-9.3
8_hcp,8,6i,54,155.3,7.9
8_hcp,8,6i,55,157.4,31.2
8_hcp,8,6i,56,179.4,28.6
8_hcp,8,6i,57,143.3,7.9
8_hcp,8,6i,58,147.4,9.6
8_hcp,8,6i,59,143.8,15.0
8_hcp,8,6i,60,153.0,-18.6
8_hcp,8,6i,61,155.0,12.6
8_hcp,8,6i,62,149.9,-10.0
8_hcp,8,6i,63,163.3,7.2
8_hcp,8,6i,64,143.3,-1.7
8_hcp,8,6i,65,162.1,10.2
8_hcp,8,6i,66,156.8,3.9
8_hcp,8,6i,67,150.4,-48.4
8_hcp,8,6i,68,146.9,4.9
8_hcp,8,6i,69,178.9,12.5
8_hcp,8,6i,70,141.0,9.3
8_hcp,8,6i,71,154.0,0.3
8_hcp,8,6i,72,141.8,28.9
8_hcp,8,6i,73,171.4,7.1
8_hcp,8,6i,74,160.9,9.2
8_hcp,8,6i,75,142.6,19.1
8_hcp,8,6i,76,156.5,7.9
8_hcp,8,6i,77,153.6,-12.7
8_hcp,8,6i,78,144.5,-38.0
8_hcp,8,6i,79,159.4,-5.8
8_hcp,8,6i,80,155.1,14.5
8_hcp,8,6i,81,153.1,-3.8
8_hcp,8,6i,82,150.0,15.1
8_hcp,8,6i,83,155.6,4.4
8_hcp,8,6i,84,153.2,23.1
8_hcp,8,6i,85,151.2,-2.8
8_hcp,8,6i,86,143.0,9.7
8_hcp,8,6i,87,170.4,10.3
8_hcp,8,6i,88,138.3,26.6
8_hcp,8,6i,89,155.5,-26.0
8_hcp,8,6i,90,146.8,-5.5
8_hcp,8,6i,91,171.1,15.9
8_hcp,8,6i,92,140.0,27.3
8_hcp,8,6i,93,141.9,5.9
8_hcp,8,6i,94,139.2,-2.8
8_hcp,8,6i,95,154.3,14.4
8_hcp,8,6i,96,134.5,16.2
8_hcp,8,6i,97,144.9,-3.9
8_hcp,8,6i,98,125.4,7.4
8_hcp,8,6i,99,153.4,21.4
8_hcp,8,6i,100,144.7,33.0
12_hcp,12,6i,1,152.3,16.7
12_hcp,12,6i,2,142.9,-5.4
12_hcp,12,6i,3,141.6,-28.2
12_hcp,12,6i,4,149.8,7.6
12_hcp,12,6i,5,140.7,15.5
12_hcp,12,6i,6,144.8,12.9
12_hcp,12,6i,7,128.1,10.3
12_hcp,12,6i,8,159.7,-3.0
12_hcp,12,6i,9,127.0,-10.9
12_hcp,12,6i,10,136.5,12.5
12_hcp,12,6i,11,143.6,10.4
12_hcp,12,6i,12,169.0,-6.7
12_hcp,12,6i,13,136.6,22.1
12_hcp,12,6i,14,133.4,-12.2
12_hcp,12,6i,15,134.9,-7.1
12_hcp,12,6i,16,164.5,31.2
12_hcp,12,6i,17,104.6,18.0
12_hcp,12,6i,18,128.8,-3.2
12_hcp,12,6i,19,178.9,8.0
12_hcp,12,6i,20,150.2,5.7
12_hcp,12,6i,21,127.5,-44.3
12_hcp,12,6i,22,141.7,-12.6
12_hcp,12,6i,23,143.2,2.1
12_hcp,12,6i,24,153.6,-3.1
12_hcp,12,6i,25,167.0,7.3
12_hcp,12,6i,26,147.5,22.5
12_hcp,12,6i,27,135.1,-2.5
12_hcp,12,6i,28,152.8,-15.2
12_hcp,12,6i,29,132.9,8.6
12_hcp,12,6i,30,128.4,-2.6
12_hcp,12,6i,31,118.7,0.3
12_hcp,12,6i,32,121.3,-2.0
12_hcp,12,6i,33,130.3,41.6
12_hcp,12,6i,34,126.5,-35.6
12_hcp,12,6i,35,146.5,-3.7
12_hcp,12,6i,36,126.2,2.9
12_hcp,12,6i,37,100.1,-10.5
12_hcp,12,6i,38,128.3,18.5
12_hcp,12,6i,39,136.0,17.0
12_hcp,12,6i,40,134.2,2.2
12_hcp,12,6i,41,162.7,-1.7
12_hcp,12,6i,42,134.1,1.1
12_hcp,12,6i,43,154.1,1.2
12_hcp,12,6i,44,142.0,1.6
12_hcp,12,6i,45,141.7,-0.2
12_hcp,12,6i,46,131.1,7.4
12_hcp,12,6i,47,141.5,16.0
12_hcp,12,6i,48,132.0,-18.2
12_hcp,12,6i,49,144.6,-15.1
12_hcp,12,6i,50,139.1,-27.1
12_hcp,12,6i,51,129.6,17.9
12_hcp,12,6i,52,155.6,7.3
12_hcp,12,6i,53,148.0,11.7
12_hcp,12,6i,54,136.3,-21.6
12_hcp,12,6i,55,144.2,33.8
12_hcp,12,6i,56,141.2,-7.5
12_hcp,12,6i,57,130.7,5.9
12_hcp,12,6i,58,143.2,17.7
12_hcp,12,6i,59,134.0,-14.0
12_hcp,12,6i,60,129.6,-6.4
12_hcp,12,6i,61,120.5,6.1
12_hcp,12,6i,62,137.5,52.3
12_hcp,12,6i,63,149.9,8.2
12_hcp,12,6i,64,133.0,30.7
12_hcp,12,6i,65,176.1,23.8
12_hcp,12,6i,66,154.2,9.3
12_hcp,12,6i,67,159.8,-14.1
12_hcp,12,6i,68,153.0,21.3
12_hcp,12,6i,69,167.1,-22.8
12_hcp,12,6i,70,131.7,30.6
12_hcp,12,6i,71,108.0,6.4
12_hcp,12,6i,72,136.3,-42.7
12_hcp,12,6i,73,149.8,-2.9
12_hcp,12,6i,74,144.3,14.3
12_hcp,12,6i,75,146.0,-1.1
12_hcp,12,6i,76,160.0,15.3
12_hcp,12,6i,77,147.4,-11.7
12_hcp,12,6i,78,153.0,-19.5
12_hcp,12,6i,79,129.7,1.8
12_hcp,12,6i,80,127.6,3.5
12_hcp,12,6i,81,163.9,-3.0
12_hcp,12,6i,82,143.6,24.2
12_hcp,12,6i,83,133.9,-11.7
12_hcp,12,6i,84,134.0,8.4
12_hcp,12,6i,85,133.6,4.2
12_hcp,12,6i,86,132.8,-23.8
12_hcp,12,6i,87,125.1,-19.7
12_hcp,12,6i,88,122.2,3.2
12_hcp,12,6i,89,139.7,37.2
12_hcp,12,6i,90,134.3,13.0
12_hcp,12,6i,91,157.1,-26.7
12_hcp,12,6i,92,146.2,-50.6
12_hcp,12,6i,93,145.9,15.6
12_hcp,12,6i,94,132.3,1.3
12_hcp,12,6i,95,140.7,22.7
12_hcp,12,6i,96,147.1,-12.2
12_hcp,12,6i,97,151.9,9.0
12_hcp,12,6i,98,141.0,17.6
12_hcp,12,6i,99,156.8,-4.7
12_hcp,12,6i,100,142.4,-4.3
scratch,0,7i,1,163.5,-29.6
scratch,0,7i,2,167.4,1.5
scratch,0,7i,3,163.2,0.9
scratch,0,7i,4,170.6,3.1
scratch,0,7i,5,159.9,30.9
scratch,0,7i,6,153.5,18.4
scratch,0,7i,7,178.0,11.8
scratch,0,7i,8,158.9,-13.4
scratch,0,7i,9,159.1,-6.9
scratch,0,7i,10,162.9,-0.9
scratch,0,7i,11,163.8,-10.7
scratch,0,7i,12,160.5,7.7
scratch,0,7i,13,163.2,5.7
scratch,0,7i,14,163.1,-15.2
scratch,0,7i,15,164.6,17.8
scratch,0,7i,16,145.8,2.0
scratch,0,7i,17,177.3,-24.5
scratch,0,7i,18,162.3,-0.2
scratch,0,7i,19,167.7,4.6
scratch,0,7i,20,153.1,14.5
scratch,0,7i,21,159.9,-4.4
scratch,0,7i,22,158.4,12.5
scratch,0,7i,23,174.3,3.2
scratch,0,7i,24,159.0,-18.5
scratch,0,7i,25,169.0,-19.9
scratch,0,7i,26,158.5,16.7
scratch,0,7i,27,160.0,17.8
scratch,0,7i,28,161.5,5.2
scratch,0,7i,29,172.9,22.1
scratch,0,7i,30,149.3,15.8
scratch,0,7i,31,153.6,10.4
scratch,0,7i,32,148.9,-12.7
scratch,0,7i,33,155.3,25.5
scratch,0,7i,34,157.3,8.2
scratch,0,7i,35,151.4,-5.1
scratch,0,7i,36,157.9,-9.1
scratch,0,7i,37,148.4,4.2
scratch,0,7i,38,155.8,-23.6
scratch,0,7i,39,172.3,10.6
scratch,0,7i,40,166.3,-13.3
scratch,0,7i,41,164.7,5.8
scratch,0,7i,42,155.9,-7.0
scratch,0,7i,43,151.9,-3.3
scratch,0,7i,44,154.9,-10.4
scratch,0,7i,45,163.0,-1.8
scratch,0,7i,46,169.8,27.8
scratch,0,7i,47,170.1,20.5
scratch,0,7i,48,168.0,5.6
scratch,0,7i,49,157.9,0.1
scratch,0,7i,50,163.5,12.7
scratch,0,7i,51,161.0,16.8
scratch,0,7i,52,161.9,-11.5
scratch,0,7i,53,178.5,-0.6
scratch,0,7i,54,150.3,-25.8
scratch,0,7i,55,161.6,16.7
scratch,0,7i,56,172.3,30.3
scratch,0,7i,57,152.5,1.7
scratch,0,7i,58,158.6,-30.2
scratch,0,7i,59,159.4,9.3
scratch,0,7i,60,161.7,-12.6
scratch,0,7i,61,151.5,-9.1
scratch,0,7i,62,167.8,9.5
scratch,0,7i,63,168.3,4.2
scratch,0,7i,64,167.1,-6.5
scratch,0,7i,65,156.9,-8.9
scratch,0,7i,66,164.0,2.3
scratch,0,7i,67,156.7,-5.4
scratch,0,7i,68,160.9,-15.5
scratch,0,7i,69,179.3,-4.3
scratch,0,7i,70,164.1,5.4
scratch,0,7i,71,154.5,-2.1
scratch,0,7i,72,164.7,-19.9
scratch,0,7i,73,153.3,14.8
scratch,0,7i,74,154.4,-39.0
scratch,0,7i,75,155.6,-5.9
scratch,0,7i,76,160.1,-8.5
scratch,0,7i,77,170.3,2.6
scratch,0,7i,78,167.6,8.6
scratch,0,7i,79,167.2,16.8
scratch,0,7i,80,155.2,-9.8
scratch,0,7i,81,159.3,9.0
scratch,0,7i,82,165.4,3.3
scratch,0,7i,83,158.7,-24.2
scratch,0,7i,84,161.3,27.9
scratch,0,7i,85,166.6,-20.3
scratch,0,7i,86,160.8,6.6
scratch,0,7i,87,165.0,6.1
scratch,0,7i,88,175.2,4.5
scratch,0,7i,89,162.1,-6.6
scratch,0,7i,90,172.1,12.4
scratch,0,7i,91,167.5,-22.0
scratch,0,7i,92,152.5,-0.5
scratch,0,7i,93,155.2,-7.6
scratch,0,7i,94,157.2,-9.3
scratch,0,7i,95,157.0,6.7
scratch,0,7i,96,162.7,16.1
scratch,0,7i,97,167.9,-4.5
scratch,0,7i,98,172.7,11.8
scratch,0,7i,99,165.6,1.2
scratch,0,7i,100,160.0,-12.4
4_hcp,4,7i,1,150.6,-12.0
4_hcp,4,7i,2,150.3,24.8
4_hcp,4,7i,3,146.5,16.5
4_hcp,4,7i,4,157.1,-1.0
4_hcp,4,7i,5,155.3,1.5
4_hcp,4,7i,6,138.1,-11.1
4_hcp,4,7i,7,137.5,14.2
4_hcp,4,7i,8,157.1,-4.6
4_hcp,4,7i,9,145.4,-2.9
4_hcp,4,7i,10,155.9,10.0
4_hcp,4,7i,11,160.4,-1.8
4_hcp,4,7i,12,141.1,-2.5
4_hcp,4,7i,13,139.8,1.2
4_hcp,4,7i,14,168.8,12.8
4_hcp,4,7i,15,156.4,25.4
4_hcp,4,7i,16,149.1,9.7
4_hcp,4,7i,17,144.3,12.9
4_hcp,4,7i,18,148.3,-2.0
4_hcp,4,7i,19,141.9,-9.5
4_hcp,4,7i,20,161.4,10.7
4_hcp,4,7i,21,145.8,3.5
4_hcp,4,7i,22,163.4,-20.1
4_hcp,4,7i,23,149.3,-3.9
4_hcp,4,7i,24,143.2,-0.2
4_hcp,4,7i,25,149.1,-6.6
4_hcp,4,7i,26,128.4,23.0
4_hcp,4,7i,27,151.9,8.1
4_hcp,4,7i,28,151.5,21.4
4_hcp,4,7i,29,160.8,4.9
4_hcp,4,7i,30,135.3,2.2
4_hcp,4,7i,31,164.0,-12.9
4_hcp,4,7i,32,160.8,1.2
4_hcp,4,7i,33,164.9,1.2
4_hcp,4,7i,34,152.6,-19.3
4_hcp,4,7i,35,162.6,-7.0
4_hcp,4,7i,36,139.2,-3.8
4_hcp,4,7i,37,159.8,7.1
4_hcp,4,7i,38,145.8,7.8
4_hcp,4,7i,39,137.5,-7.6
4_hcp,4,7i,40,142.5,8.0
4_hcp,4,7i,41,153.1,-1.7
4_hcp,4,7i,42,145.3,-41.6
4_hcp,4,7i,43,156.6,-6.2
4_hcp,4,7i,44,136.0,17.0
4_hcp,4,7i,45,133.0,-24.0
4_hcp,4,7i,46,166.0,2.7
4_hcp,4,7i,47,161.6,24.5
4_hcp,4,7i,48,143.2,-10.3
4_hcp,4,7i,49,153.0,1.0
4_hcp,4,7i,50,162.7,-18.4
4_hcp,4,7i,51,157.0,25.1
4_hcp,4,7i,52,154.5,-0.2
4_hcp,4,7i,53,163.4,1.7
4_hcp,4,7i,54,146.2,21.1
4_hcp,4,7i,55,153.4,10.8
4_hcp,4,7i,56,152.9,-12.0
4_hcp,4,7i,57,150.5,-8.6
4_hcp,4,7i,58,149.4,8.3
4_hcp,4,7i,59,153.8,-8.3
4_hcp,4,7i,60,153.4,-30.4
4_hcp,4,7i,61,143.2,0.2
4_hcp,4,7i,62,160.6,-21.0
4_hcp,4,7i,63,143.9,25.0
4_hcp,4,7i,64,151.0,3.6
4_hcp,4,7i,65,150.3,-12.4
4_hcp,4,7i,66,156.4,-9.4
4_hcp,4,7i,67,133.1,-27.0
4_hcp,4,7i,68,161.5,-15.3
4_hcp,4,7i,69,146.7,16.1
4_hcp,4,7i,70,164.6,34.1
4_hcp,4,7i,71,148.6,11.8
4_hcp,4,7i,72,152.6,-0.4
4_hcp,4,7i,73,171.1,-5.4
4_hcp,4,7i,74,150.5,-13.2
4_hcp,4,7i,75,164.7,31.6
4_hcp,4,7i,76,153.4,-1.8
4_hcp,4,7i,77,157.0,32.4
4_hcp,4,7i,78,153.7,21.7
4_hcp,4,7i,79,161.1,-24.8
4_hcp,4,7i,80,146.6,-8.9
4_hcp,4,7i,81,143.8,-8.9
4_hcp,4,7i,82,147.1,-0.2
4_hcp,4,7i,83,154.0,0.1
4_hcp,4,7i,84,151.0,45.5
4_hcp,4,7i,85,159.8,-15.0
4_hcp,4,7i,86,165.4,4.4
4_hcp,4,7i,87,143.9,10.1
4_hcp,4,7i,88,146.2,1.0
4_hcp,4,7i,89,139.5,2.6
4_hcp,4,7i,90,172.2,-14.5
4_hcp,4,7i,91,155.9,2.6
4_hcp,4,7i,92,157.6,8.6
4_hcp,4,7i,93,140.5,5.9
4_hcp,4,7i,94,153.1,9.5
4_hcp,4,7i,95,157.9,22.0
4_hcp,4,7i,96,150.7,14.9
4_hcp,4,7i,97,163.2,2.1
4_hcp,4,7i,98,174.9,-16.4
4_hcp,4,7i,99,144.2,-7.9
4_hcp,4,7i,100,143.4,-2.3
8_hcp,8,7i,1,146.6,-10.0
8_hcp,8,7i,2,138.4,-10.7
8_hcp,8,7i,3,133.3,17.5
8_hcp,8,7i,4,130.5,20.7
8_hcp,8,7i,5,125.3,25.7
8_hcp,8,7i,6,141.2,30.3
8_hcp,8,7i,7,127.4,4.1
8_hcp,8,7i,8,132.6,-2.9
8_hcp,8,7i,9,139.4,23.2
8_hcp,8,7i,10,128.9,13.2
8_hcp,8,7i,11,148.0,-13.4
8_hcp,8,7i,12,152.1,-14.2
8_hcp,8,7i,13,137.6,9.7
8_hcp,8,7i,14,138.9,-0.8
8_hcp,8,7i,15,149.8,1.6
8_hcp,8,7i,16,135.8,18.8
8_hcp,8,7i,17,135.0,13.9
8_hcp,8,7i,18,157.2,22.8
8_hcp,8,7i,19,153.7,-28.2
8_hcp,8,7i,20,150.5,6.0
8_hcp,8,7i,21,154.1,12.9
8_hcp,8,7i,22,121.7,-21.9
8_hcp,8,7i,23,158.9,-8.3
8_hcp,8,7i,24,148.2,-11.2
8_hcp,8,7i,25,155.1,2.3
8_hcp,8,7i,26,148.1,27.5
8_hcp,8,7i,27,144.3,33.7
8_hcp,8,7i,28,140.7,-10.8
8_hcp,8,7i,29,147.9,10.2
8_hcp,8,7i,30,140.3,10.8
8_hcp,8,7i,31,153.5,8.1
8_hcp,8,7i,32,126.1,8.2
8_hcp,8,7i,33,137.7,6.8
8_hcp,8,7i,34,166.6,28.4
8_hcp,8,7i,35,136.8,19.3
8_hcp,8,7i,36,141.1,-14.6
8_hcp,8,7i,37,133.9,14.5
8_hcp,8,7i,38,147.5,16.0
8_hcp,8,7i,39,135.6,6.9
8_hcp,8,7i,40,141.7,19.7
8_hcp,8,7i,41,153.3,4.9
8_hcp,8,7i,42,136.0,5.1
8_hcp,8,7i,43,152.6,3.9
8_hcp,8,7i,44,153.0,-29.6
8_hcp,8,7i,45,155.6,0.7
8_hcp,8,7i,46,145.4,-8.5
8_hcp,8,7i,47,180.0,-16.6
8_hcp,8,7i,48,155.6,24.5
8_hcp,8,7i,49,147.4,9.9
8_hcp,8,7i,50,134.0,1.5
8_hcp,8,7i,51,142.7,-6.8
8_hcp,8,7i,52,159.7,6.6
8_hcp,8,7i,53,162.9,17.5
8_hcp,8,7i,54,160.3,-11.0
8_hcp,8,7i,55,152.6,1.9
8_hcp,8,7i,56,129.8,15.6
8_hcp,8,7i,57,149.2,-28.3
8_hcp,8,7i,58,129.9,1.1
8_hcp,8,7i,59,127.2,-4.7
8_hcp,8,7i,60,146.5,-0.1
8_hcp,8,7i,61,149.6,-5.9
8_hcp,8,7i,62,153.9,4.2
8_hcp,8,7i,63,149.3,32.1
8_hcp,8,7i,64,149.7,-3.1
8_hcp,8,7i,65,132.8,6.6
8_hcp,8,7i,66,142.6,33.2
8_hcp,8,7i,67,126.9,-6.6
8_hcp,8,7i,68,121.4,30.4
8_hcp,8,7i,69,152.1,2.1
8_hcp,8,7i,70,135.4,29.9
8_hcp,8,7i,71,153.5,13.7
8_hcp,8,7i,72,156.2,6.8
8_hcp,8,7i,73,136.9,1.0
8_hcp,8,7i,74,150.4,-7.8
8_hcp,8,7i,75,136.4,3.2
8_hcp,8,7i,76,123.2,16.1
8_hcp,8,7i,77,145.2,1.8
8_hcp,8,7i,78,138.5,-3.0
8_hcp,8,7i,79,138.9,-1.9
8_hcp,8,7i,80,165.9,17.5
8_hcp,8,7i,81,126.7,21.2
8_hcp,8,7i,82,148.1,-8.4
8_hcp,8,7i,83,132.7,-8.5
8_hcp,8,7i,84,153.9,7.9
8_hcp,8,7i,85,147.1,25.9
8_hcp,8,7i,86,148.0,19.9
8_hcp,8,7i,87,133.2,-17.6
8_hcp,8,7i,88,135.2,-2.1
8_hcp,8,7i,89,154.1,-12.6
8_hcp,8,7i,90,163.6,-2.2
8_hcp,8,7i,91,149.2,27.1
8_hcp,8,7i,92,133.8,-20.3
8_hcp,8,7i,93,147.6,-23.4
8_hcp,8,7i,94,170.9,-11.0
8_hcp,8,7i,95,144.9,6.5
8_hcp,8,7i,96,160.1,11.7
8_hcp,8,7i,97,135.5,8.9
8_hcp,8,7i,98,143.3,20.4
8_hcp,8,7i,99,150.7,-25.6
8_hcp,8,7i,100,148.2,20.6
12_hcp,12,7i,1,131.6,-5.1
12_hcp,12,7i,2,145.0,-33.6
12_hcp,12,7i,3,118.7,-14.9
12_hcp,12,7i,4,135.7,-9.2
12_hcp,12,7i,5,138.6,4.2
12_hcp,12,7i,6,150.4,-12.5
12_hcp,12,7i,7,115.4,-5.4
12_hcp,12,7i,8,136.0,-17.1
12_hcp,12,7i,9,121.7,5.8
12_hcp,12,7i,10,142.1,10.0
12_hcp,12,7i,11,145.5,9.6
12_hcp,12,7i,12,152.1,3.2
12_hcp,12,7i,13,128.8,-22.3
12_hcp,12,7i,14,147.5,-7.2
12_hcp,12,7i,15,153.0,-3.7
12_hcp,12,7i,16,114.6,-3.6
12_hcp,12,7i,17,143.4,4.2
12_hcp,12,7i,18,147.9,26.4
12_hcp,12,7i,19,132.3,16.3
12_hcp,12,7i,20,120.1,-13.2
12_hcp,12,7i,21,147.7,14.1
12_hcp,12,7i,22,120.3,13.5
12_hcp,12,7i,23,133.3,-10.2
12_hcp,12,7i,24,135.1,16.9
12_hcp,12,7i,25,144.8,0.4
12_hcp,12,7i,26,127.6,-20.2
12_hcp,12,7i,27,126.9,10.5
12_hcp,12,7i,28,136.9,6.6
12_hcp,12,7i,29,148.5,-0.7
12_hcp,12,7i,30,164.8,2.4
12_hcp,12,7i,31,116.3,-8.8
12_hcp,12,7i,32,139.6,13.0
12_hcp,12,7i,33,121.7,2.3
12_hcp,12,7i,34,148.6,5.7
12_hcp,12,7i,35,123.6,8.9
12_hcp,12,7i,36,127.0,-16.0
12_hcp,12,7i,37,128.1,-11.7
12_hcp,12,7i,38,134.6,-33.3
12_hcp,12,7i,39,139.7,12.3
12_hcp,12,7i,40,141.8,-16.9
12_hcp,12,7i,41,135.5,5.2
12_hcp,12,7i,42,118.6,9.1
12_hcp,12,7i,43,144.9,12.9
12_hcp,12,7i,44,134.9,-16.8
12_hcp,12,7i,45,150.5,1.9
12_hcp,12,7i,46,126.6,30.4
12_hcp,12,7i,47,115.1,31.2
12_hcp,12,7i,48,135.2,19.2
12_hcp,12,7i,49,152.2,8.5
12_hcp,12,7i,50,137.7,-13.5
12_hcp,12,7i,51,133.1,14.8
12_hcp,12,7i,52,124.5,0.4
12_hcp,12,7i,53,158.1,12.2
12_hcp,12,7i,54,122.5,-7.4
12_hcp,12,7i,55,126.3,0.2
12_hcp,12,7i,56,142.9,5.7
12_hcp,12,7i,57,111.9,7.0
12_hcp,12,7i,58,151.9,11.1
12_hcp,12,7i,59,143.6,-6.5
12_hcp,12,7i,60,147.1,-19.1
12_hcp,12,7i,61,142.7,29.7
12_hcp,12,7i,62,133.6,43.9
12_hcp,12,7i,63,122.0,10.4
12_hcp,12,7i,64,133.8,-18.8
12_hcp,12,7i,65,123.1,-9.7
12_hcp,12,7i,66,141.8,11.4
12_hcp,12,7i,67,145.9,25.0
12_hcp,12,7i,68,154.5,-16.9
12_hcp,12,7i,69,140.4,1.0
12_hcp,12,7i,70,147.4,6.2
12_hcp,12,7i,71,131.8,17.2
12_hcp,12,7i,72,129.5,-2.6
12_hcp,12,7i,73,141.7,-22.7
12_hcp,12,7i,74,130.7,13.2
12_hcp,12,7i,75,139.1,21.5
12_hcp,12,7i,76,122.0,1.6
12_hcp,12,7i,77,124.3,9.7
12_hcp,12,7i,78,143.7,-4.8
12_hcp,12,7i,79,146.9,-10.9
12_hcp,12,7i,80,123.0,19.9
12_hcp,12,7i,81,144.2,9.4
12_hcp,12,7i,82,128.8,11.1
12_hcp,12,7i,83,135.8,27.7
12_hcp,12,7i,84,153.7,-14.3
12_hcp,12,7i,85,145.9,-6.1
12_hcp,12,7i,86,145.8,5.6
12_hcp,12,7i,87,160.0,-6.3
12_hcp,12,7i,88,126.6,15.9
12_hcp,12,7i,89,123.0,-0.1
12_hcp,12,7i,90,126.4,-13.3
12_hcp,12,7i,91,132.4,4.1
12_hcp,12,7i,92,105.5,5.8
12_hcp,12,7i,93,133.0,18.4
12_hcp,12,7i,94,128.7,9.5
12_hcp,12,7i,95,145.6,10.6
12_hcp,12,7i,96,140.1,8.3
12_hcp,12,7i,97,127.9,-0.1
12_hcp,12,7i,98,143.1,-8.8
12_hcp,12,7i,99,144.9,7.7
12_hcp,12,7i,100,125.8,-2.5
scratch,0,8i,1,164.6,-3.3
scratch,0,8i,2,162.3,16.0
scratch,0,8i,3,157.6,8.6
scratch,0,8i,4,156.0,0.8
scratch,0,8i,5,152.9,-13.0
scratch,0,8i,6,145.1,3.6
scratch,0,8i,7,152.0,14.2
scratch,0,8i,8,154.1,6.3
scratch,0,8i,9,155.0,2.8
scratch,0,8i,10,156.6,-10.3
scratch,0,8i,11,159.6,12.3
scratch,0,8i,12,148.9,-42.0
scratch,0,8i,13,148.9,5.7
scratch,0,8i,14,163.1,35.4
scratch,0,8i,15,158.6,-20.0
scratch,0,8i,16,150.9,-2.8
scratch,0,8i,17,152.7,0.4
scratch,0,8i,18,152.8,-5.8
scratch,0,8i,19,153.7,14.6
scratch,0,8i,20,156.6,6.9
scratch,0,8i,21,170.2,2.6
scratch,0,8i,22,154.7,11.3
scratch,0,8i,23,157.8,0.7
scratch,0,8i,24,142.3,43.6
scratch,0,8i,25,150.2,2.6
scratch,0,8i,26,161.6,3.1
scratch,0,8i,27,156.1,-22.7
scratch,0,8i,28,124.4,-6.9
scratch,0,8i,29,157.9,16.1
scratch,0,8i,30,166.2,-17.6
scratch,0,8i,31,140.2,-28.8
scratch,0,8i,32,163.5,0.9
scratch,0,8i,33,135.1,19.1
scratch,0,8i,34,159.7,1.1
scratch,0,8i,35,153.4,-4.1
scratch,0,8i,36,137.9,-24.7
scratch,0,8i,37,156.4,6.6
scratch,0,8i,38,161.1,9.5
scratch,0,8i,39,155.9,-23.7
scratch,0,8i,40,157.3,15.9
scratch,0,8i,41,150.7,10.9
scratch,0,8i,42,141.1,15.9
scratch,0,8i,43,158.0,8.4
scratch,0,8i,44,165.0,9.4
scratch,0,8i,45,160.9,7.6
scratch,0,8i,46,140.3,12.3
scratch,0,8i,47,143.4,-24.2
scratch,0,8i,48,147.8,-19.9
scratch,0,8i,49,142.9,-9.5
scratch,0,8i,50,153.7,-1.3
scratch,0,8i,51,156.1,5.8
scratch,0,8i,52,144.0,4.9
scratch,0,8i,53,158.6,15.6
scratch,0,8i,54,157.4,16.1
scratch,0,8i,55,149.8,-11.3
scratch,0,8i,56,152.3,3.7
scratch,0,8i,57,140.5,-11.0
scratch,0,8i,58,151.2,-2.1
scratch,0,8i,59,153.5,4.9
scratch,0,8i,60,154.6,-45.7
scratch,0,8i,61,156.0,33.2
scratch,0,8i,62,155.1,8.2
scratch,0,8i,63,151.7,-7.6
scratch,0,8i,64,155.3,26.6
scratch,0,8i,65,160.1,-4.2
scratch,0,8i,66,152.8,2.3
scratch,0,8i,67,155.6,-6.1
scratch,0,8i,68,152.2,22.9
scratch,0,8i,69,149.2,-0.9
scratch,0,8i,70,156.9,2.5
scratch,0,8i,71,149.8,16.8
scratch,0,8i,72,156.0,8.4
scratch,0,8i,73,153.6,-0.2
scratch,0,8i,74,151.4,15.6
scratch,0,8i,75,151.3,34.9
scratch,0,8i,76,150.1,4.8
scratch,0,8i,77,142.5,2.1
scratch,0,8i,78,156.0,2.8
scratch,0,8i,79,155.0,18.3
scratch,0,8i,80,159.1,-7.6
scratch,0,8i,81,149.9,-3.3
scratch,0,8i,82,166.0,-20.3
scratch,0,8i,83,150.9,-15.6
scratch,0,8i,84,147.7,-6.5
scratch,0,8i,85,146.9,-0.3
scratch,0,8i,86,142.0,24.5
scratch,0,8i,87,163.6,7.8
scratch,0,8i,88,162.5,-11.9
scratch,0,8i,89,157.4,-9.4
scratch,0,8i,90,147.5,19.1
scratch,0,8i,91,165.5,15.8
scratch,0,8i,92,151.1,0.9
scratch,0,8i,93,151.7,-5.5
scratch,0,8i,94,163.0,15.8
scratch,0,8i,95,157.8,-13.0
scratch,0,8i,96,168.0,5.8
scratch,0,8i,97,155.1,31.3
scratch,0,8i,98,150.8,3.3
scratch,0,8i,99,149.4,-10.0
scratch,0,8i,100,141.2,6.1
4_hcp,4,8i,1,139.4,1.7
4_hcp,4,8i,2,131.6,-3.6
4_hcp,4,8i,3,149.2,-1.3
4_hcp,4,8i,4,152.7,2.9
4_hcp,4,8i,5,140.7,24.9
4_hcp,4,8i,6,140.2,-2.3
4_hcp,4,8i,7,135.3,1.7
4_hcp,4,8i,8,142.1,-11.0
4_hcp,4,8i,9,138.6,11.0
4_hcp,4,8i,10,134.9,20.0
4_hcp,4,8i,11,159.2,23.6
4_hcp,4,8i,12,147.2,3.8
4_hcp,4,8i,13,148.1,9.0
4_hcp,4,8i,14,150.7,-1.1
4_hcp,4,8i,15,149.8,8.3
4_hcp,4,8i,16,139.9,5.4
4_hcp,4,8i,17,145.6,1.8
4_hcp,4,8i,18,141.1,2.9
4_hcp,4,8i,19,147.0,7.3
4_hcp,4,8i,20,146.2,-3.1
4_hcp,4,8i,21,140.1,-2.4
4_hcp,4,8i,22,132.2,24.7
4_hcp,4,8i,23,144.6,38.7
4_hcp,4,8i,24,141.6,-15.7
4_hcp,4,8i,25,127.5,-16.5
4_hcp,4,8i,26,147.6,-12.3
4_hcp,4,8i,27,151.4,-0.4
4_hcp,4,8i,28,164.5,13.4
4_hcp,4,8i,29,140.0,9.2
4_hcp,4,8i,30,138.8,3.4
4_hcp,4,8i,31,134.0,8.3
4_hcp,4,8i,32,145.1,-8.6
4_hcp,4,8i,33,145.0,-2.4
4_hcp,4,8i,34,136.5,0.7
4_hcp,4,8i,35,141.9,-21.0
4_hcp,4,8i,36,126.7,-15.1
4_hcp,4,8i,37,151.1,-14.6
4_hcp,4,8i,38,136.9,11.6
4_hcp,4,8i,39,143.0,4.4
4_hcp,4,8i,40,131.4,9.5
4_hcp,4,8i,41,138.4,-24.6
4_hcp,4,8i,42,141.0,-19.6
4_hcp,4,8i,43,143.2,10.2
4_hcp,4,8i,44,147.3,-37.6
4_hcp,4,8i,45,155.4,18.0
4_hcp,4,8i,46,149.5,-24.3
4_hcp,4,8i,47,151.4,12.7
4_hcp,4,8i,48,155.4,-11.3
4_hcp,4,8i,49,148.1,15.6
4_hcp,4,8i,50,143.0,45.6
4_hcp,4,8i,51,151.8,-30.6
4_hcp,4,8i,52,152.3,10.7
4_hcp,4,8i,53,148.8,-24.1
4_hcp,4,8i,54,131.1,6.9
4_hcp,4,8i,55,136.3,-1.9
4_hcp,4,8i,56,141.0,2.8
4_hcp,4,8i,57,149.9,-11.7
4_hcp,4,8i,58,143.1,11.8
4_hcp,4,8i,59,152.9,-19.1
4_hcp,4,8i,60,154.3,18.3
4_hcp,4,8i,61,153.4,-4.7
4_hcp,4,8i,62,153.4,-18.5
4_hcp,4,8i,63,134.6,23.2
4_hcp,4,8i,64,147.4,0.1
4_hcp,4,8i,65,138.2,27.5
4_hcp,4,8i,66,129.5,18.0
4_hcp,4,8i,67,140.9,-10.1
4_hcp,4,8i,68,154.4,-0.2
4_hcp,4,8i,69,147.2,2.7
4_hcp,4,8i,70,160.2,22.2
4_hcp,4,8i,71,144.8,7.1
4_hcp,4,8i,72,163.8,3.4
4_hcp,4,8i,73,144.8,-1.8
4_hcp,4,8i,74,143.5,0.3
4_hcp,4,8i,75,132.6,19.1
4_hcp,4,8i,76,152.6,1.1
4_hcp,4,8i,77,139.1,-4.5
4_hcp,4,8i,78,137.9,-6.8
4_hcp,4,8i,79,154.1,-6.7
4_hcp,4,8i,80,153.0,-18.5
4_hcp,4,8i,81,152.8,-9.4
4_hcp,4,8i,82,140.3,21.8
4_hcp,4,8i,83,142.9,-1.9
4_hcp,4,8i,84,142.8,10.8
4_hcp,4,8i,85,149.9,-33.4
4_hcp,4,8i,86,156.3,8.9
4_hcp,4,8i,87,146.4,-1.2
4_hcp,4,8i,88,159.9,-5.7
4_hcp,4,8i,89,150.8,3.5
4_hcp,4,8i,90,141.4,-5.9
4_hcp,4,8i,91,150.3,-28.5
4_hcp,4,8i,92,157.6,13.8
4_hcp,4,8i,93,160.1,4.4
4_hcp,4,8i,94,153.3,-3.4
4_hcp,4,8i,95,143.5,-12.4
4_hcp,4,8i,96,141.5,-19.4
4_hcp,4,8i,97,148.2,4.1
4_hcp,4,8i,98,157.4,23.4
4_hcp,4,8i,99,147.0,3.8
4_hcp,4,8i,100,147.1,-18.2
8_hcp,8,8i,1,136.4,-2.7
8_hcp,8,8i,2,133.6,-8.4
8_hcp,8,8i,3,142.7,-6.2
8_hcp,8,8i,4,140.1,27.5
8_hcp,8,8i,5,104.6,6.5
8_hcp,8,8i,6,139.5,4.6
8_hcp,8,8i,7,124.2,-1.8
8_hcp,8,8i,8,120.1,37.7
8_hcp,8,8i,9,132.3,21.1
8_hcp,8,8i,10,138.2,-8.5
8_hcp,8,8i,11,117.9,-2.0
8_hcp,8,8i,12,141.1,-1.1
8_hcp,8,8i,13,141.7,4.1
8_hcp,8,8i,14,134.6,-8.2
8_hcp,8,8i,15,125.5,8.4
8_hcp,8,8i,16,124.4,23.2
8_hcp,8,8i,17,144.3,-17.2
8_hcp,8,8i,18,119.2,-14.5
8_hcp,8,8i,19,144.7,-5.1
8_hcp,8,8i,20,132.5,-4.4
8_hcp,8,8i,21,133.2,31.2
8_hcp,8,8i,22,117.2,16.6
8_hcp,8,8i,23,132.7,15.8
8_hcp,8,8i,24,140.2,-1.9
8_hcp,8,8i,25,120.9,-2.2
8_hcp,8,8i,26,139.1,-19.2
8_hcp,8,8i,27,135.0,13.4
8_hcp,8,8i,28,127.8,9.2
8_hcp,8,8i,29,142.6,20.8
8_hcp,8,8i,30,112.3,-1.1
8_hcp,8,8i,31,137.6,-0.1
8_hcp,8,8i,32,150.2,4.5
8_hcp,8,8i,33,148.4,15.0
8_hcp,8,8i,34,138.0,-19.5
8_hcp,8,8i,35,131.1,12.8
8_hcp,8,8i,36,127.8,1.7
8_hcp,8,8i,37,131.1,-13.5
8_hcp,8,8i,38,139.5,-28.5
8_hcp,8,8i,39,126.1,0.0
8_hcp,8,8i,40,141.6,23.2
8_hcp,8,8i,41,155.3,26.5
8_hcp,8,8i,42,133.5,7.2
8_hcp,8,8i,43,120.8,30.7
8_hcp,8,8i,44,120.8,1.4
8_hcp,8,8i,45,141.8,15.9
8_hcp,8,8i,46,133.5,-4.6
8_hcp,8,8i,47,142.8,-5.5
8_hcp,8,8i,48,128.9,-7.9
8_hcp,8,8i,49,142.4,-28.1
8_hcp,8,8i,50,132.6,20.8
8_hcp,8,8i,51,126.9,-7.4
8_hcp,8,8i,52,130.2,-9.7
8_hcp,8,8i,53,122.3,-15.2
8_hcp,8,8i,54,153.8,-1.0
8_hcp,8,8i,55,133.2,27.8
8_hcp,8,8i,56,140.5,32.6
8_hcp,8,8i,57,128.8,-22.3
8_hcp,8,8i,58,123.7,-3.2
8_hcp,8,8i,59,131.8,-13.1
8_hcp,8,8i,60,145.0,16.4
8_hcp,8,8i,61,129.0,6.2
8_hcp,8,8i,62,125.5,-7.3
8_hcp,8,8i,63,135.7,3.1
8_hcp,8,8i,64,139.1,-5.0
8_hcp,8,8i,65,150.4,25.6
8_hcp,8,8i,66,137.6,10.0
8_hcp,8,8i,67,140.5,11.8
8_hcp,8,8i,68,141.3,-37.0
8_hcp,8,8i,69,122.7,1.0
8_hcp,8,8i,70,124.6,32.4
8_hcp,8,8i,71,123.4,21.4
8_hcp,8,8i,72,120.9,-25.0
8_hcp,8,8i,73,142.0,-2.6
8_hcp,8,8i,74,137.0,-15.6
8_hcp,8,8i,75,134.9,27.0
8_hcp,8,8i,76,108.5,5.6
8_hcp,8,8i,77,154.5,-9.2
8_hcp,8,8i,78,125.3,2.5
8_hcp,8,8i,79,154.5,-36.1
8_hcp,8,8i,80,119.8,-13.9
8_hcp,8,8i,81,126.1,2.5
8_hcp,8,8i,82,112.3,14.4
8_hcp,8,8i,83,137.7,-26.4
8_hcp,8,8i,84,123.2,-3.6
8_hcp,8,8i,85,123.5,16.8
8_hcp,8,8i,86,120.5,-19.2
8_hcp,8,8i,87,141.8,5.3
8_hcp,8,8i,88,141.2,3.0
8_hcp,8,8i,89,152.1,27.0
8_hcp,8,8i,90,127.3,-1.4
8_hcp,8,8i,91,136.3,-0.5
8_hcp,8,8i,92,121.4,14.5
8_hcp,8,8i,93,130.8,-17.4
8_hcp,8,8i,94,129.0,-1.2
8_hcp,8,8i,95,138.7,-4.7
8_hcp,8,8i,96,144.2,-0.0
8_hcp,8,8i,97,144.0,14.4
8_hcp,8,8i,98,125.8,10.1
8_hcp,8,8i,99,144.0,-8.9
8_hcp,8,8i,100,133.7,4.0
12_hcp,12,8i,1,142.9,27.0
12_hcp,12,8i,2,116.7,-8.0
12_hcp,12,8i,3,127.7,-0.6
12_hcp,12,8i,4,123.9,-13.5
12_hcp,12,8i,5,125.3,18.1
12_hcp,12,8i,6,107.7,35.0
12_hcp,12,8i,7,142.0,-23.9
12_hcp,12,8i,8,117.3,-2.3
12_hcp,12,8i,9,137.6,22.3
12_hcp,12,8i,10,119.0,-19.1
12_hcp,12,8i,11,119.0,11.7
12_hcp,12,8i,12,139.8,21.7
12_hcp,12,8i,13,137.3,4.2
12_hcp,12,8i,14,128.4,11.4
12_hcp,12,8i,15,134.7,29.9
12_hcp,12,8i,16,122.8,32.8
12_hcp,12,8i,17,126.0,2.1
12_hcp,12,8i,18,118.6,-5.1
12_hcp,12,8i,19,136.3,-11.1
12_hcp,12,8i,20,118.2,17.9
12_hcp,12,8i,21,142.8,-18.0
12_hcp,12,8i,22,122.5,-0.9
12_hcp,12,8i,23,126.3,4.6
12_hcp,12,8i,24,134.6,-4.7
12_hcp,12,8i,25,126.3,7.3
12_hcp,12,8i,26,122.7,42.2
12_hcp,12,8i,27,125.7,1.1
12_hcp,12,8i,28,136.1,-3.6
12_hcp,12,8i,29,118.6,18.5
12_hcp,12,8i,30,124.6,6.7
12_hcp,12,8i,31,126.2,25.0
12_hcp,12,8i,32,135.8,5.5
12_hcp,12,8i,33,124.9,-0.8
12_hcp,12,8i,34,146.5,-24.2
12_hcp,12,8i,35,124.3,-21.7
12_hcp,12,8i,36,123.4,-25.0
12_hcp,12,8i,37,124.1,8.8
12_hcp,12,8i,38,111.2,-17.8
12_hcp,12,8i,39,114.4,22.2
12_hcp,12,8i,40,120.1,3.5
12_hcp,12,8i,41,138.9,-0.7
12_hcp,12,8i,42,125.7,-9.9
12_hcp,12,8i,43,120.6,12.5
12_hcp,12,8i,44,139.9,-9.3
12_hcp,12,8i,45,143.6,-12.0
12_hcp,12,8i,46,140.2,21.1
12_hcp,12,8i,47,116.4,8.4
12_hcp,12,8i,48,120.5,-0.6
12_hcp,12,8i,49,146.5,12.8
12_hcp,12,8i,50,128.8,3.1
12_hcp,12,8i,51,123.0,8.8
12_hcp,12,8i,52,134.2,-9.5
12_hcp,12,8i,53,137.4,34.6
12_hcp,12,8i,54,119.6,-5.9
12_hcp,12,8i,55,128.5,26.8
12_hcp,12,8i,56,136.5,0.1
12_hcp,12,8i,57,113.0,15.3
12_hcp,12,8i,58,126.2,14.2
12_hcp,12,8i,59,113.5,20.5
12_hcp,12,8i,60,115.0,-9.8
12_hcp,12,8i,61,119.7,19.4
12_hcp,12,8i,62,131.4,31.2
12_hcp,12,8i,63,122.4,-1.0
12_hcp,12,8i,64,118.7,3.5
12_hcp,12,8i,65,126.6,-5.0
12_hcp,12,8i,66,113.1,-2.3
12_hcp,12,8i,67,130.9,29.1
12_hcp,12,8i,68,138.8,-12.3
12_hcp,12,8i,69,125.2,-11.4
12_hcp,12,8i,70,123.8,27.6
12_hcp,12,8i,71,130.3,12.5
12_hcp,12,8i,72,103.2,35.4
12_hcp,12,8i,73,132.1,-3.9
12_hcp,12,8i,74,161.1,4.9
12_hcp,12,8i,75,124.7,-7.1
12_hcp,12,8i,76,124.7,5.2
12_hcp,12,8i,77,134.5,-24.1
12_hcp,12,8i,78,144.6,13.5
12_hcp,12,8i,79,137.1,7.9
12_hcp,12,8i,80,101.7,2.1
12_hcp,12,8i,81,132.4,-3.0
12_hcp,12,8i,82,155.1,-10.7
12_hcp,12,8i,83,133.1,14.1
12_hcp,12,8i,84,113.0,-14.9
12_hcp,12,8i,85,129.2,10.8
12_hcp,12,8i,86,111.6,34.7
12_hcp,12,8i,87,140.0,25.7
12_hcp,12,8i,88,115.3,-20.0
12_hcp,12,8i,89,126.9,-5.2
12_hcp,12,8i,90,116.4,9.4
12_hcp,12,8i,91,119.9,1.9
12_hcp,12,8i,92,142.8,-18.4
12_hcp,12,8i,93,127.2,8.9
12_hcp,12,8i,94,119.7,2.8
12_hcp,12,8i,95,113.1,32.2
12_hcp,12,8i,96,104.9,-0.9
12_hcp,12,8i,97,111.9,20.8
12_hcp,12,8i,98,127.3,-16.4
12_hcp,12,8i,99,137.1,-12.7
12_hcp,12,8i,100,119.7,14.0
scratch,0,9i,1,148.2,15.8
scratch,0,9i,2,135.7,18.3
scratch,0,9i,3,141.7,34.8
scratch,0,9i,4,133.1,9.8
scratch,0,9i,5,140.5,2.5
scratch,0,9i,6,146.7,12.4
scratch,0,9i,7,138.9,-6.4
scratch,0,9i,8,140.0,1.8
scratch,0,9i,9,134.7,-7.4
scratch,0,9i,10,137.6,5.4
scratch,0,9i,11,152.3,-7.5
scratch,0,9i,12,142.0,-7.9
scratch,0,9i,13,135.4,5.6
scratch,0,9i,14,139.6,-1.2
scratch,0,9i,15,131.8,-23.1
scratch,0,9i,16,135.4,-17.3
scratch,0,9i,17,149.9,-13.6
scratch,0,9i,18,140.7,-10.3
scratch,0,9i,19,153.1,5.6
scratch,0,9i,20,141.0,3.2
scratch,0,9i,21,141.4,13.6
scratch,0,9i,22,145.5,9.7
scratch,0,9i,23,125.2,13.6
scratch,0,9i,24,142.8,8.0
scratch,0,9i,25,141.3,3.1
scratch,0,9i,26,150.7,14.0
scratch,0,9i,27,147.5,11.8
scratch,0,9i,28,134.6,5.1
scratch,0,9i,29,149.2,16.1
scratch,0,9i,30,140.0,-28.3
scratch,0,9i,31,136.0,-3.1
scratch,0,9i,32,142.8,-3.2
scratch,0,9i,33,140.3,14.6
scratch,0,9i,34,151.0,19.8
scratch,0,9i,35,143.7,-17.3
scratch,0,9i,36,142.8,17.8
scratch,0,9i,37,147.1,-13.9
scratch,0,9i,38,148.3,-13.5
scratch,0,9i,39,146.4,-2.4
scratch,0,9i,40,150.2,-3.4
scratch,0,9i,41,145.3,-18.6
scratch,0,9i,42,142.6,8.5
scratch,0,9i,43,149.1,8.8
scratch,0,9i,44,141.0,13.4
scratch,0,9i,45,141.8,-4.8
scratch,0,9i,46,152.1,0.0
scratch,0,9i,47,151.5,0.1
scratch,0,9i,48,141.5,21.2
scratch,0,9i,49,138.8,-34.2
scratch,0,9i,50,150.5,-11.2
scratch,0,9i,51,146.5,0.6
scratch,0,9i,52,143.5,-12.8
scratch,0,9i,53,139.6,-2.7
scratch,0,9i,54,143.6,-1.0
scratch,0,9i,55,141.4,-7.6
scratch,0,9i,56,137.5,1.3
scratch,0,9i,57,142.4,8.2
scratch,0,9i,58,143.2,-2.4
scratch,0,9i,59,139.3,-5.1
scratch,0,9i,60,147.1,-1.5
scratch,0,9i,61,149.4,0.4
scratch,0,9i,62,147.5,-20.8
scratch,0,9i,63,139.9,6.2
scratch,0,9i,64,146.2,-5.0
scratch,0,9i,65,142.0,16.0
scratch,0,9i,66,134.0,7.7
scratch,0,9i,67,145.7,14.8
scratch,0,9i,68,142.5,-11.9
scratch,0,9i,69,157.4,-4.1
scratch,0,9i,70,150.5,-14.7
scratch,0,9i,71,145.9,-8.1
scratch,0,9i,72,143.1,15.9
scratch,0,9i,73,142.6,18.7
scratch,0,9i,74,135.4,-13.6
scratch,0,9i,75,130.9,-5.1
scratch,0,9i,76,136.2,-0.4
scratch,0,9i,77,141.3,7.7
scratch,0,9i,78,128.7,-21.1
scratch,0,9i,79,138.2,-19.2
scratch,0,9i,80,140.1,6.5
scratch,0,9i,81,140.3,-23.4
scratch,0,9i,82,137.5,-5.0
scratch,0,9i,83,139.5,2.5
scratch,0,9i,84,152.1,5.6
scratch,0,9i,85,145.6,-1.2
scratch,0,9i,86,138.1,-4.0
scratch,0,9i,87,141.2,10.9
scratch,0,9i,88,141.4,4.0
scratch,0,9i,89,136.9,-7.4
scratch,0,9i,90,136.9,1.0
scratch,0,9i,91,147.7,5.2
scratch,0,9i,92,139.0,21.6
scratch,0,9i,93,134.9,10.1
scratch,0,9i,94,141.3,15.4
scratch,0,9i,95,142.3,-7.0
scratch,0,9i,96,129.5,-5.9
scratch,0,9i,97,141.3,-2.4
scratch,0,9i,98,146.9,-1.3
scratch,0,9i,99,144.3,-11.9
scratch,0,9i,100,155.2,16.0
4_hcp,4,9i,1,139.4,-8.9
4_hcp,4,9i,2,130.2,22.9
4_hcp,4,9i,3,137.6,-15.7
4_hcp,4,9i,4,134.3,21.4
4_hcp,4,9i,5,138.2,-11.8
4_hcp,4,9i,6,122.2,1.0
4_hcp,4,9i,7,131.5,-5.2
4_hcp,4,9i,8,132.2,-3.3
4_hcp,4,9i,9,137.4,11.1
4_hcp,4,9i,10,127.7,19.9
4_hcp,4,9i,11,113.2,16.0
4_hcp,4,9i,12,124.2,-4.1
4_hcp,4,9i,13,132.1,3.3
4_hcp,4,9i,14,133.1,-8.9
4_hcp,4,9i,15,145.7,-11.5
4_hcp,4,9i,16,137.1,-13.5
4_hcp,4,9i,17,133.2,-4.5
4_hcp,4,9i,18,132.3,4.1
4_hcp,4,9i,19,141.2,-23.1
4_hcp,4,9i,20,128.0,0.4
4_hcp,4,9i,21,131.5,20.1
4_hcp,4,9i,22,124.2,15.2
4_hcp,4,9i,23,143.6,-6.4
4_hcp,4,9i,24,135.6,-16.6
4_hcp,4,9i,25,127.1,6.8
4_hcp,4,9i,26,131.7,-28.2
4_hcp,4,9i,27,136.6,15.0
4_hcp,4,9i,28,130.7,-1.7
4_hcp,4,9i,29,128.5,24.1
4_hcp,4,9i,30,127.5,-20.8
4_hcp,4,9i,31,135.2,12.6
4_hcp,4,9i,32,129.8,-0.3
4_hcp,4,9i,33,129.1,-3.2
4_hcp,4,9i,34,122.2,-16.3
4_hcp,4,9i,35,133.2,8.5
4_hcp,4,9i,36,131.2,9.5
4_hcp,4,9i,37,130.1,23.5
4_hcp,4,9i,38,134.1,13.7
4_hcp,4,9i,39,138.4,-6.5
4_hcp,4,9i,40,138.0,-11.7
4_hcp,4,9i,41,136.9,-16.3
4_hcp,4,9i,42,130.7,19.6
4_hcp,4,9i,43,128.2,-8.8
4_hcp,4,9i,44,124.5,19.7
4_hcp,4,9i,45,128.0,7.6
4_hcp,4,9i,46,132.8,5.2
4_hcp,4,9i,47,126.5,-2.9
4_hcp,4,9i,48,133.3,9.3
4_hcp,4,9i,49,125.1,0.8
4_hcp,4,9i,50,119.7,-3.7
4_hcp,4,9i,51,139.0,9.8
4_hcp,4,9i,52,128.9,-0.8
4_hcp,4,9i,53,126.1,-9.1
4_hcp,4,9i,54,124.1,8.6
4_hcp,4,9i,55,135.9,0.2
4_hcp,4,9i,56,143.3,7.2
4_hcp,4,9i,57,129.5,-4.7
4_hcp,4,9i,58,130.9,-14.3
4_hcp,4,9i,59,140.9,22.9
4_hcp,4,9i,60,118.6,20.5
4_hcp,4,9i,61,147.8,12.2
4_hcp,4,9i,62,151.5,-3.9
4_hcp,4,9i,63,111.6,-2.8
4_hcp,4,9i,64,131.8,18.4
4_hcp,4,9i,65,127.0,-3.5
4_hcp,4,9i,66,130.5,-7.0
4_hcp,4,9i,67,129.4,24.6
4_hcp,4,9i,68,138.9,0.4
4_hcp,4,9i,69,131.7,23.3
4_hcp,4,9i,70,125.5,-16.6
4_hcp,4,9i,71,131.3,7.5
4_hcp,4,9i,72,136.6,27.1
4_hcp,4,9i,73,123.4,1.4
4_hcp,4,9i,74,119.8,-2.3
4_hcp,4,9i,75,148.0,-13.7
4_hcp,4,9i,76,127.6,14.7
4_hcp,4,9i,77,131.5,-8.7
4_hcp,4,9i,78,129.5,-0.2
4_hcp,4,9i,79,136.8,-14.6
4_hcp,4,9i,80,146.3,20.6
4_hcp,4,9i,81,137.1,15.6
4_hcp,4,9i,82,120.8,0.6
4_hcp,4,9i,83,121.9,-13.6
4_hcp,4,9i,84,129.5,20.4
4_hcp,4,9i,85,130.5,-3.6
4_hcp,4,9i,86,119.3,-12.9
4_hcp,4,9i,87,139.0,-21.2
4_hcp,4,9i,88,124.2,-7.1
4_hcp,4,9i,89,144.2,-17.4
4_hcp,4,9i,90,146.7,-6.9
4_hcp,4,9i,91,130.7,10.4
4_hcp,4,9i,92,136.0,-3.7
4_hcp,4,9i,93,123.0,5.5
4_hcp,4,9i,94,137.4,-8.1
4_hcp,4,9i,95,128.7,1.8
4_hcp,4,9i,96,124.2,25.2
4_hcp,4,9i,97,130.4,-3.4
4_hcp,4,9i,98,129.0,5.9
4_hcp,4,9i,99,130.1,-18.8
4_hcp,4,9i,100,140.0,20.2
8_hcp,8,9i,1,120.1,-12.2
8_hcp,8,9i,2,134.1,20.1
8_hcp,8,9i,3,123.4,-7.8
8_hcp,8,9i,4,130.1,8.2
8_hcp,8,9i,5,130.7,-9.1
8_hcp,8,9i,6,120.3,12.1
8_hcp,8,9i,7,134.5,-11.7
8_hcp,8,9i,8,117.5,2.5
8_hcp,8,9i,9,131.6,2.7
8_hcp,8,9i,10,120.9,33.0
8_hcp,8,9i,11,127.7,10.4
8_hcp,8,9i,12,120.2,-5.9
8_hcp,8,9i,13,124.9,11.1
8_hcp,8,9i,14,114.6,30.5
8_hcp,8,9i,15,126.8,-19.7
8_hcp,8,9i,16,124.9,-9.2
8_hcp,8,9i,17,119.5,-1.2
8_hcp,8,9i,18,124.0,-3.6
8_hcp,8,9i,19,125.7,-2.4
8_hcp,8,9i,20,118.8,-15.4
8_hcp,8,9i,21,123.3,20.7
8_hcp,8,9i,22,115.2,-17.0
8_hcp,8,9i,23,146.0,-0.7
8_hcp,8,9i,24,134.2,15.9
8_hcp,8,9i,25,127.0,1.6
8_hcp,8,9i,26,135.3,-11.1
8_hcp,8,9i,27,106.3,-16.0
8_hcp,8,9i,28,101.0,-1.1
8_hcp,8,9i,29,120.8,-8.1
8_hcp,8,9i,30,111.8,4.7
8_hcp,8,9i,31,122.3,-16.7
8_hcp,8,9i,32,126.4,12.8
8_hcp,8,9i,33,132.9,3.5
8_hcp,8,9i,34,114.0,4.5
8_hcp,8,9i,35,128.2,21.2
8_hcp,8,9i,36,124.6,-3.8
8_hcp,8,9i,37,127.7,-7.7
8_hcp,8,9i,38,119.7,-5.3
8_hcp,8,9i,39,137.2,-0.6
8_hcp,8,9i,40,123.5,0.8
8_hcp,8,9i,41,140.8,-9.1
8_hcp,8,9i,42,117.2,-25.0
8_hcp,8,9i,43,131.3,-5.5
8_hcp,8,9i,44,123.9,6.8
8_hcp,8,9i,45,121.5,3.8
8_hcp,8,9i,46,130.3,18.0
8_hcp,8,9i,47,121.7,28.1
8_hcp,8,9i,48,100.0,12.1
8_hcp,8,9i,49,96.3,20.4
8_hcp,8,9i,50,136.2,12.2
8_hcp,8,9i,51,135.8,24.8
8_hcp,8,9i,52,141.8,26.7
8_hcp,8,9i,53,124.3,14.7
8_hcp,8,9i,54,112.6,11.4
8_hcp,8,9i,55,120.6,-0.7
8_hcp,8,9i,56,124.6,1.4
8_hcp,8,9i,57,115.2,-2.5
8_hcp,8,9i,58,139.6,10.3
8_hcp,8,9i,59,145.1,-7.6
8_hcp,8,9i,60,128.9,-0.5
8_hcp,8,9i,61,124.4,-29.4
8_hcp,8,9i,62,112.6,25.0
8_hcp,8,9i,63,138.7,-0.9
8_hcp,8,9i,64,125.2,8.1
8_hcp,8,9i,65,121.8,21.4
8_hcp,8,9i,66,128.9,6.0
8_hcp,8,9i,67,119.1,21.3
8_hcp,8,9i,68,125.8,-14.6
8_hcp,8,9i,69,111.2,34.0
8_hcp,8,9i,70,134.5,16.5
8_hcp,8,9i,71,123.5,4.8
8_hcp,8,9i,72,135.1,21.0
8_hcp,8,9i,73,122.6,-13.6
8_hcp,8,9i,74,123.2,-1.8
8_hcp,8,9i,75,113.3,21.3
8_hcp,8,9i,76,131.5,-22.9
8_hcp,8,9i,77,116.4,9.5
8_hcp,8,9i,78,120.0,9.1
8_hcp,8,9i,79,124.5,28.3
8_hcp,8,9i,80,125.6,-19.1
8_hcp,8,9i,81,108.8,23.5
8_hcp,8,9i,82,122.4,-5.5
8_hcp,8,9i,83,131.8,-4.0
8_hcp,8,9i,84,121.0,-14.3
8_hcp,8,9i,85,122.4,-12.5
8_hcp,8,9i,86,126.0,7.4
8_hcp,8,9i,87,123.3,-12.8
8_hcp,8,9i,88,115.0,11.9
8_hcp,8,9i,89,124.2,-6.8
8_hcp,8,9i,90,133.6,-14.2
8_hcp,8,9i,91,114.8,-5.0
8_hcp,8,9i,92,121.0,6.5
8_hcp,8,9i,93,111.8,-1.7
8_hcp,8,9i,94,133.1,2.5
8_hcp,8,9i,95,123.6,11.3
8_hcp,8,9i,96,116.7,16.4
8_hcp,8,9i,97,125.3,-2.1
8_hcp,8,9i,98,113.4,-11.9
8_hcp,8,9i,99,115.0,3.0
8_hcp,8,9i,100,111.1,8.3
12_hcp,12,9i,1,101.3,20.2
12_hcp,12,9i,2,107.2,-15.5
12_hcp,12,9i,3,109.0,10.9
12_hcp,12,9i,4,114.3,17.3
12_hcp,12,9i,5,108.6,0.4
12_hcp,12,9i,6,123.9,1.1
12_hcp,12,9i,7,99.8,8.8
12_hcp,12,9i,8,100.0,7.8
12_hcp,12,9i,9,113.0,11.1
12_hcp,12,9i,10,114.7,10.8
12_hcp,12,9i,11,101.3,-10.6
12_hcp,12,9i,12,110.2,16.8
12_hcp,12,9i,13,112.3,19.2
12_hcp,12,9i,14,112.4,5.6
12_hcp,12,9i,15,118.1,-17.8
12_hcp,12,9i,16,109.6,1.4
12_hcp,12,9i,17,131.9,5.7
12_hcp,12,9i,18,121.6,-12.9
12_hcp,12,9i,19,108.1,-2.0
12_hcp,12,9i,20,117.5,-16.6
12_hcp,12,9i,21,117.8,11.4
12_hcp,12,9i,22,129.2,5.3
12_hcp,12,9i,23,110.2,-19.9
12_hcp,12,9i,24,124.5,7.9
12_hcp,12,9i,25,116.9,2.2
12_hcp,12,9i,26,132.1,10.2
12_hcp,12,9i,27,130.0,-2.4
12_hcp,12,9i,28,118.6,-8.1
12_hcp,12,9i,29,113.8,-7.7
12_hcp,12,9i,30,121.8,-4.5
12_hcp,12,9i,31,114.6,3.3
12_hcp,12,9i,32,134.0,5.1
12_hcp,12,9i,33,117.3,0.3
12_hcp,12,9i,34,112.3,-2.9
12_hcp,12,9i,35,111.7,-1.9
12_hcp,12,9i,36,103.9,37.9
12_hcp,12,9i,37,122.3,-7.7
12_hcp,12,9i,38,108.0,-4.8
12_hcp,12,9i,39,128.0,48.8
12_hcp,12,9i,40,103.0,8.9
12_hcp,12,9i,41,117.8,-16.2
12_hcp,12,9i,42,128.5,14.7
12_hcp,12,9i,43,94.1,-9.6
12_hcp,12,9i,44,137.6,15.6
12_hcp,12,9i,45,112.1,0.1
12_hcp,12,9i,46,118.0,-3.1
12_hcp,12,9i,47,122.5,25.4
12_hcp,12,9i,48,124.1,10.9
12_hcp,12,9i,49,119.4,16.5
12_hcp,12,9i,50,126.9,9.0
12_hcp,12,9i,51,121.9,-3.2
12_hcp,12,9i,52,134.9,11.5
12_hcp,12,9i,53,122.0,19.8
12_hcp,12,9i,54,137.0,4.9
12_hcp,12,9i,55,125.9,28.0
12_hcp,12,9i,56,97.7,14.8
12_hcp,12,9i,57,143.7,5.9
12_hcp,12,9i,58,110.5,6.5
12_hcp,12,9i,59,132.1,4.9
12_hcp,12,9i,60,116.8,-14.4
12_hcp,12,9i,61,127.6,1.7
12_hcp,12,9i,62,109.3,6.1
12_hcp,12,9i,63,123.0,-2.8
12_hcp,12,9i,64,113.9,7.7
12_hcp,12,9i,65,133.0,3.3
12_hcp,12,9i,66,121.1,13.8
12_hcp,12,9i,67,126.3,12.2
12_hcp,12,9i,68,93.9,5.3
12_hcp,12,9i,69,115.6,-16.0
12_hcp,12,9i,70,120.8,27.9
12_hcp,12,9i,71,118.8,1.0
12_hcp,12,9i,72,126.5,1.9
12_hcp,12,9i,73,112.7,-1.8
12_hcp,12,9i,74,117.0,-3.8
12_hcp,12,9i,75,128.8,24.5
12_hcp,12,9i,76,92.7,22.3
12_hcp,12,9i,77,122.7,9.2
12_hcp,12,9i,78,113.0,1.5
12_hcp,12,9i,79,107.0,11.6
12_hcp,12,9i,80,120.0,4.0
12_hcp,12,9i,81,129.3,0.4
12_hcp,12,9i,82,127.3,7.7
12_hcp,12,9i,83,115.1,-3.1
12_hcp,12,9i,84,125.6,6.5
12_hcp,12,9i,85,125.6,5.8
12_hcp,12,9i,86,115.6,11.4
12_hcp,12,9i,87,109.3,-5.6
12_hcp,12,9i,88,109.9,12.9
12_hcp,12,9i,89,125.2,-9.6
12_hcp,12,9i,90,116.1,-5.0
12_hcp,12,9i,91,105.6,-4.4
12_hcp,12,9i,92,98.9,-11.9
12_hcp,12,9i,93,125.2,17.1
12_hcp,12,9i,94,110.8,-10.5
12_hcp,12,9i,95,120.0,-6.7
12_hcp,12,9i,96,129.4,20.5
12_hcp,12,9i,97,102.9,-4.9
12_hcp,12,9i,98,116.0,0.4
12_hcp,12,9i,99,114.7,-11.1
12_hcp,12,9i,100,120.5,14.6
scratch,0,pw,1,133.0,2.3
scratch,0,pw,2,132.5,-6.0
scratch,0,pw,3,131.4,-5.6
scratch,0,pw,4,129.0,-0.8
scratch,0,pw,5,125.8,0.0
scratch,0,pw,6,124.3,-4.3
scratch,0,pw,7,135.4,4.0
scratch,0,pw,8,132.6,-19.3
scratch,0,pw,9,124.9,-7.5
scratch,0,pw,10,128.8,-2.6
scratch,0,pw,11,127.0,-8.8
scratch,0,pw,12,122.6,18.3
scratch,0,pw,13,129.5,0.7
scratch,0,pw,14,126.4,2.4
scratch,0,pw,15,123.6,-4.8
scratch,0,pw,16,120.8,0.3
scratch,0,pw,17,120.3,-12.8
scratch,0,pw,18,126.6,-1.4
scratch,0,pw,19,128.1,-9.7
scratch,0,pw,20,124.0,-2.5
scratch,0,pw,21,132.0,-27.4
scratch,0,pw,22,128.2,-11.8
scratch,0,pw,23,131.6,16.5
scratch,0,pw,24,127.6,9.6
scratch,0,pw,25,124.4,14.9
scratch,0,pw,26,129.2,15.6
scratch,0,pw,27,121.9,7.8
scratch,0,pw,28,131.4,-4.4
scratch,0,pw,29,123.6,-10.8
scratch,0,pw,30,133.4,13.0
scratch,0,pw,31,126.8,1.2
scratch,0,pw,32,134.2,27.7
scratch,0,pw,33,122.7,-3.5
scratch,0,pw,34,125.0,22.0
scratch,0,pw,35,130.6,-1.2
scratch,0,pw,36,134.7,15.1
scratch,0,pw,37,137.3,19.0
scratch,0,pw,38,128.8,-10.7
scratch,0,pw,39,138.2,-4.8
scratch,0,pw,40,127.0,-10.8
scratch,0,pw,41,134.4,-12.9
scratch,0,pw,42,123.6,7.8
scratch,0,pw,43,130.8,-1.6
scratch,0,pw,44,116.2,1.1
scratch,0,pw,45,122.7,6.6
scratch,0,pw,46,131.0,-19.8
scratch,0,pw,47,121.7,14.5
scratch,0,pw,48,130.8,-3.3
scratch,0,pw,49,133.3,6.3
scratch,0,pw,50,125.9,7.3
scratch,0,pw,51,123.5,15.5
scratch,0,pw,52,126.1,-0.6
scratch,0,pw,53,123.5,-22.7
scratch,0,pw,54,128.0,1.1
scratch,0,pw,55,129.1,2.7
scratch,0,pw,56,127.0,-10.8
scratch,0,pw,57,137.4,2.1
scratch,0,pw,58,124.8,-3.4
scratch,0,pw,59,135.9,-14.2
scratch,0,pw,60,123.1,7.8
scratch,0,pw,61,129.0,-5.7
scratch,0,pw,62,134.8,-3.9
scratch,0,pw,63,134.5,-4.5
scratch,0,pw,64,126.4,14.0
scratch,0,pw,65,131.5,0.1
scratch,0,pw,66,130.8,1.4
scratch,0,pw,67,125.7,-4.3
scratch,0,pw,68,131.8,5.6
scratch,0,pw,69,138.4,15.2
scratch,0,pw,70,131.1,7.6
scratch,0,pw,71,131.6,8.0
scratch,0,pw,72,132.1,7.1
scratch,0,pw,73,120.9,-14.6
scratch,0,pw,74,131.0,-9.1
scratch,0,pw,75,123.2,-1.7
scratch,0,pw,76,125.5,-7.4
scratch,0,pw,77,140.0,-11.1
scratch,0,pw,78,127.2,-19.9
scratch,0,pw,79,124.7,-14.2
scratch,0,pw,80,134.6,-2.3
scratch,0,pw,81,123.6,-0.3
scratch,0,pw,82,126.2,-8.2
scratch,0,pw,83,135.1,1.4
scratch,0,pw,84,128.8,-4.2
scratch,0,pw,85,120.3,12.4
scratch,0,pw,86,131.4,-1.3
scratch,0,pw,87,126.5,8.1
scratch,0,pw,88,136.7,2.7
scratch,0,pw,89,125.4,-14.8
scratch,0,pw,90,134.1,-0.5
scratch,0,pw,91,137.9,-13.0
scratch,0,pw,92,124.1,-0.7
scratch,0,pw,93,127.6,-7.6
scratch,0,pw,94,130.6,4.7
scratch,0,pw,95,124.1,-14.2
scratch,0,pw,96,130.0,0.7
scratch,0,pw,97,127.4,6.7
scratch,0,pw,98,127.3,10.4
scratch,0,pw,99,128.8,-7.8
scratch,0,pw,100,128.9,0.7
4_hcp,4,pw,1,121.8,11.6
4_hcp,4,pw,2,130.9,-23.5
4_hcp,4,pw,3,110.7,-5.3
4_hcp,4,pw,4,114.5,0.4
4_hcp,4,pw,5,139.4,3.6
4_hcp,4,pw,6,118.8,-7.2
4_hcp,4,pw,7,107.9,-19.7
4_hcp,4,pw,8,116.7,-8.0
4_hcp,4,pw,9,102.0,-7.4
4_hcp,4,pw,10,122.2,-7.7
4_hcp,4,pw,11,126.0,11.9
4_hcp,4,pw,12,114.5,-12.7
4_hcp,4,pw,13,117.4,4.4
4_hcp,4,pw,14,126.8,2.8
4_hcp,4,pw,15,108.9,11.8
4_hcp,4,pw,16,111.7,-0.5
4_hcp,4,pw,17,119.1,9.9
4_hcp,4,pw,18,115.6,-0.9
4_hcp,4,pw,19,118.6,5.9
4_hcp,4,pw,20,112.1,-16.0
4_hcp,4,pw,21,122.0,-28.8
4_hcp,4,pw,22,119.6,5.3
4_hcp,4,pw,23,124.3,5.9
4_hcp,4,pw,24,121.9,6.4
4_hcp,4,pw,25,122.0,-4.9
4_hcp,4,pw,26,110.9,17.8
4_hcp,4,pw,27,123.9,-4.2
4_hcp,4,pw,28,118.4,5.7
4_hcp,4,pw,29,119.5,7.7
4_hcp,4,pw,30,127.6,20.4
4_hcp,4,pw,31,115.8,-2.6
4_hcp,4,pw,32,129.6,-6.4
4_hcp,4,pw,33,130.3,-15.9
4_hcp,4,pw,34,125.6,18.5
4_hcp,4,pw,35,114.0,5.8
4_hcp,4,pw,36,106.0,6.1
4_hcp,4,pw,37,127.8,36.2
4_hcp,4,pw,38,121.3,4.7
4_hcp,4,pw,39,115.6,-13.7
4_hcp,4,pw,40,128.4,-1.2
4_hcp,4,pw,41,114.8,-10.0
4_hcp,4,pw,42,117.7,-3.5
4_hcp,4,pw,43,124.1,-3.5
4_hcp,4,pw,44,113.1,-5.6
4_hcp,4,pw,45,119.9,-14.7
4_hcp,4,pw,46,127.9,19.0
4_hcp,4,pw,47,122.0,4.4
4_hcp,4,pw,48,128.9,-1.5
4_hcp,4,pw,49,128.2,9.5
4_hcp,4,pw,50,120.6,6.3
4_hcp,4,pw,51,104.9,4.1
4_hcp,4,pw,52,113.2,8.7
4_hcp,4,pw,53,125.7,2.5
4_hcp,4,pw,54,110.2,8.6
4_hcp,4,pw,55,118.4,9.5
4_hcp,4,pw,56,122.9,2.8
4_hcp,4,pw,57,130.4,-1.5
4_hcp,4,pw,58,116.7,18.3
4_hcp,4,pw,59,116.3,-4.4
4_hcp,4,pw,60,120.2,5.4
4_hcp,4,pw,61,122.9,5.7
4_hcp,4,pw,62,119.6,-5.9
4_hcp,4,pw,63,127.6,-8.1
4_hcp,4,pw,64,115.2,-3.0
4_hcp,4,pw,65,121.4,-4.6
4_hcp,4,pw,66,123.6,-15.5
4_hcp,4,pw,67,117.9,-6.4
4_hcp,4,pw,68,126.2,4.0
4_hcp,4,pw,69,121.6,15.3
4_hcp,4,pw,70,125.9,7.3
4_hcp,4,pw,71,121.9,-28.3
4_hcp,4,pw,72,123.1,8.2
4_hcp,4,pw,73,116.4,-5.3
4_hcp,4,pw,74,116.4,6.1
4_hcp,4,pw,75,128.8,0.8
4_hcp,4,pw,76,124.8,-1.2
4_hcp,4,pw,77,113.7,-0.2
4_hcp,4,pw,78,121.8,0.7
4_hcp,4,pw,79,104.7,16.2
4_hcp,4,pw,80,116.7,0.8
4_hcp,4,pw,81,127.0,13.3
4_hcp,4,pw,82,119.8,11.6
4_hcp,4,pw,83,121.4,8.5
4_hcp,4,pw,84,100.4,-19.2
4_hcp,4,pw,85,118.0,13.6
4_hcp,4,pw,86,122.9,-4.2
4_hcp,4,pw,87,123.7,9.1
4_hcp,4,pw,88,127.0,-10.0
4_hcp,4,pw,89,119.2,-12.4
4_hcp,4,pw,90,119.5,23.3
4_hcp,4,pw,91,111.7,-9.8
4_hcp,4,pw,92,119.2,13.9
4_hcp,4,pw,93,112.1,2.3
4_hcp,4,pw,94,108.2,-3.7
4_hcp,4,pw,95,113.3,0.5
4_hcp,4,pw,96,130.7,-13.7
4_hcp,4,pw,97,118.8,0.8
4_hcp,4,pw,98,122.1,-11.2
4_hcp,4,pw,99,117.2,-3.5
4_hcp,4,pw,100,108.6,11.4
8_hcp,8,pw,1,115.5,-4.1
8_hcp,8,pw,2,101.7,-0.7
8_hcp,8,pw,3,120.2,-27.0
8_hcp,8,pw,4,113.4,-1.6
8_hcp,8,pw,5,109.1,3.1
8_hcp,8,pw,6,119.4,-2.9
8_hcp,8,pw,7,112.1,23.0
8_hcp,8,pw,8,104.2,-11.9
8_hcp,8,pw,9,128.2,-4.8
8_hcp,8,pw,10,113.3,-8.8
8_hcp,8,pw,11,112.8,-4.8
8_hcp,8,pw,12,110.2,14.4
8_hcp,8,pw,13,122.9,19.7
8_hcp,8,pw,14,109.3,-6.4
8_hcp,8,pw,15,101.2,-6.7
8_hcp,8,pw,16,108.1,-11.9
8_hcp,8,pw,17,124.0,17.7
8_hcp,8,pw,18,120.1,15.4
8_hcp,8,pw,19,111.4,0.7
8_hcp,8,pw,20,124.4,-14.7
8_hcp,8,pw,21,119.4,-13.7
8_hcp,8,pw,22,111.3,4.0
8_hcp,8,pw,23,112.1,8.6
8_hcp,8,pw,24,116.1,-22.8
8_hcp,8,pw,25,106.8,-1.9
8_hcp,8,pw,26,113.5,21.4
8_hcp,8,pw,27,115.9,-0.6
8_hcp,8,pw,28,100.0,19.9
8_hcp,8,pw,29,111.9,9.8
8_hcp,8,pw,30,111.0,-11.0
8_hcp,8,pw,31,121.6,-1.5
8_hcp,8,pw,32,98.8,0.5
8_hcp,8,pw,33,110.4,-9.4
8_hcp,8,pw,34,109.6,-9.6
8_hcp,8,pw,35,121.1,20.1
8_hcp,8,pw,36,113.1,-9.7
8_hcp,8,pw,37,127.8,14.9
8_hcp,8,pw,38,118.7,-3.2
8_hcp,8,pw,39,110.2,1.7
8_hcp,8,pw,40,115.4,8.7
8_hcp,8,pw,41,110.6,-5.2
8_hcp,8,pw,42,120.3,8.8
8_hcp,8,pw,43,102.8,-22.5
8_hcp,8,pw,44,106.9,7.3
8_hcp,8,pw,45,117.1,-27.6
8_hcp,8,pw,46,123.2,-0.7
8_hcp,8,pw,47,95.9,12.2
8_hcp,8,pw,48,124.4,9.5
8_hcp,8,pw,49,112.3,-13.6
8_hcp,8,pw,50,98.5,-12.0
8_hcp,8,pw,51,89.5,-6.3
8_hcp,8,pw,52,101.3,4.2
8_hcp,8,pw,53,113.3,-22.4
8_hcp,8,pw,54,112.9,1.8
8_hcp,8,pw,55,118.5,5.7
8_hcp,8,pw,56,109.1,-1.4
8_hcp,8,pw,57,104.6,8.3
8_hcp,8,pw,58,110.2,4.7
8_hcp,8,pw,59,113.7,-4.5
8_hcp,8,pw,60,115.3,-21.2
8_hcp,8,pw,61,107.2,3.6
8_hcp,8,pw,62,120.6,-9.4
8_hcp,8,pw,63,108.5,-4.9
8_hcp,8,pw,64,106.5,7.7
8_hcp,8,pw,65,109.1,19.0
8_hcp,8,pw,66,122.0,1.5
8_hcp,8,pw,67,112.4,8.6
8_hcp,8,pw,68,107.9,-15.3
8_hcp,8,pw,69,120.8,4.9
8_hcp,8,pw,70,130.5,1.3
8_hcp,8,pw,71,115.1,16.7
8_hcp,8,pw,72,123.3,-4.5
8_hcp,8,pw,73,121.7,-0.9
8_hcp,8,pw,74,108.6,14.7
8_hcp,8,pw,75,113.7,0.9
8_hcp,8,pw,76,103.2,-11.3
8_hcp,8,pw,77,111.8,32.6
8_hcp,8,pw,78,108.5,-10.9
8_hcp,8,pw,79,110.2,1.2
8_hcp,8,pw,80,107.5,6.2
8_hcp,8,pw,81,111.2,5.2
8_hcp,8,pw,82,117.7,-0.3
8_hcp,8,pw,83,112.5,-0.2
8_hcp,8,pw,84,98.6,-0.8
8_hcp,8,pw,85,107.5,-11.4
8_hcp,8,pw,86,101.4,27.8
8_hcp,8,pw,87,115.4,-0.6
8_hcp,8,pw,88,117.5,9.2
8_hcp,8,pw,89,115.5,-2.0
8_hcp,8,pw,90,107.2,-2.3
8_hcp,8,pw,91,115.4,-3.5
8_hcp,8,pw,92,109.7,-16.6
8_hcp,8,pw,93,104.4,0.1
8_hcp,8,pw,94,119.4,-2.9
8_hcp,8,pw,95,120.0,16.0
8_hcp,8,pw,96,121.0,-12.3
8_hcp,8,pw,97,108.6,-4.9
8_hcp,8,pw,98,122.9,-8.8
8_hcp,8,pw,99,109.5,19.3
8_hcp,8,pw,100,118.7,-8.4
12_hcp,12,pw,1,111.6,-3.6
12_hcp,12,pw,2,115.3,13.6
12_hcp,12,pw,3,105.1,16.6
12_hcp,12,pw,4,94.0,-3.5
12_hcp,12,pw,5,94.1,-6.3
12_hcp,12,pw,6,114.3,12.3
12_hcp,12,pw,7,95.0,10.2
12_hcp,12,pw,8,110.0,-14.7
12_hcp,12,pw,9,107.5,-11.2
12_hcp,12,pw,10,109.9,-28.9
12_hcp,12,pw,11,110.7,10.5
12_hcp,12,pw,12,98.0,-0.3
12_hcp,12,pw,13,97.6,1.0
12_hcp,12,pw,14,112.9,-18.2
12_hcp,12,pw,15,100.7,-10.8
12_hcp,12,pw,16,81.5,-3.0
12_hcp,12,pw,17,112.3,-5.4
12_hcp,12,pw,18,97.1,4.5
12_hcp,12,pw,19,110.7,10.3
12_hcp,12,pw,20,119.1,31.5
12_hcp,12,pw,21,106.6,2.7
12_hcp,12,pw,22,115.5,17.0
12_hcp,12,pw,23,107.9,-7.4
12_hcp,12,pw,24,120.9,-18.0
12_hcp,12,pw,25,96.8,-1.4
12_hcp,12,pw,26,106.4,-17.1
12_hcp,12,pw,27,112.6,3.2
12_hcp,12,pw,28,104.7,-6.8
12_hcp,12,pw,29,116.9,-21.6
12_hcp,12,pw,30,102.5,24.8
12_hcp,12,pw,31,125.2,-3.8
12_hcp,12,pw,32,125.7,-17.6
12_hcp,12,pw,33,109.0,14.3
12_hcp,12,pw,34,111.5,-6.2
12_hcp,12,pw,35,117.3,16.7
12_hcp,12,pw,36,95.7,-6.2
12_hcp,12,pw,37,94.6,-3.8
12_hcp,12,pw,38,117.9,7.3
12_hcp,12,pw,39,108.9,10.5
12_hcp,12,pw,40,104.4,12.7
12_hcp,12,pw,41,106.6,1.9
12_hcp,12,pw,42,84.8,9.6
12_hcp,12,pw,43,104.7,12.4
12_hcp,12,pw,44,99.6,5.5
12_hcp,12,pw,45,114.8,1.2
12_hcp,12,pw,46,115.5,-15.2
12_hcp,12,pw,47,111.7,10.5
12_hcp,12,pw,48,110.0,3.5
12_hcp,12,pw,49,92.9,-2.2
12_hcp,12,pw,50,111.8,19.1
12_hcp,12,pw,51,112.2,-14.9
12_hcp,12,pw,52,117.8,23.7
12_hcp,12,pw,53,125.7,2.7
12_hcp,12,pw,54,91.1,7.0
12_hcp,12,pw,55,102.9,-2.0
12_hcp,12,pw,56,99.7,-17.9
12_hcp,12,pw,57,108.0,1.2
12_hcp,12,pw,58,106.6,7.2
12_hcp,12,pw,59,104.3,11.5
12_hcp,12,pw,60,115.8,0.5
12_hcp,12,pw,61,96.5,-24.5
12_hcp,12,pw,62,97.0,-16.4
12_hcp,12,pw,63,97.2,28.8
12_hcp,12,pw,64,103.2,-10.7
12_hcp,12,pw,65,95.3,20.9
12_hcp,12,pw,66,106.0,-8.7
12_hcp,12,pw,67,105.0,0.7
12_hcp,12,pw,68,99.3,10.9
12_hcp,12,pw,69,114.4,-7.3
12_hcp,12,pw,70,105.9,23.0
12_hcp,12,pw,71,116.1,4.0
12_hcp,12,pw,72,104.7,8.8
12_hcp,12,pw,73,106.2,-0.4
12_hcp,12,pw,74,101.4,11.3
12_hcp,12,pw,75,106.4,22.8
12_hcp,12,pw,76,112.9,1.4
12_hcp,12,pw,77,102.7,24.7
12_hcp,12,pw,78,111.2,-4.7
12_hcp,12,pw,79,99.1,12.6
12_hcp,12,pw,80,113.3,9.1
12_hcp,12,pw,81,101.2,-10.4
12_hcp,12,pw,82,114.2,5.7
12_hcp,12,pw,83,107.0,3.1
12_hcp,12,pw,84,120.3,-7.7
12_hcp,12,pw,85,96.0,7.5
12_hcp,12,pw,86,93.1,4.8
12_hcp,12,pw,87,100.9,2.1
12_hcp,12,pw,88,93.9,2.1
12_hcp,12,pw,89,93.9,1.9
12_hcp,12,pw,90,112.1,-1.6
12_hcp,12,pw,91,106.4,4.8
12_hcp,12,pw,92,102.1,-5.1
12_hcp,12,pw,93,102.9,36.4
12_hcp,12,pw,94,101.0,-14.7
12_hcp,12,pw,95,121.4,-4.3
12_hcp,12,pw,96,99.8,-3.4
12_hcp,12,pw,97,94.5,28.6
12_hcp,12,pw,98,113.7,-13.6
12_hcp,12,pw,99,104.5,8.4
12_hcp,12,pw,100,125.0,6.1
scratch,0,gw,1,115.2,12.5
scratch,0,gw,2,119.2,-1.0
scratch,0,gw,3,119.1,-11.2
scratch,0,gw,4,111.8,13.4
scratch,0,gw,5,114.6,0.0
scratch,0,gw,6,105.5,-16.2
scratch,0,gw,7,114.2,7.4
scratch,0,gw,8,110.2,10.4
scratch,0,gw,9,112.9,-22.9
scratch,0,gw,10,106.3,-7.5
scratch,0,gw,11,115.5,-0.6
scratch,0,gw,12,106.3,7.6
scratch,0,gw,13,114.4,-4.5
scratch,0,gw,14,108.3,-7.5
scratch,0,gw,15,110.0,7.5
scratch,0,gw,16,118.8,-4.0
scratch,0,gw,17,116.3,5.7
scratch,0,gw,18,118.8,-10.2
scratch,0,gw,19,120.6,-12.6
scratch,0,gw,20,110.3,7.8
scratch,0,gw,21,120.3,2.9
scratch,0,gw,22,107.3,9.4
scratch,0,gw,23,117.0,-4.6
scratch,0,gw,24,111.6,-7.2
scratch,0,gw,25,109.6,13.6
scratch,0,gw,26,116.4,-14.2
scratch,0,gw,27,117.9,12.6
scratch,0,gw,28,117.8,13.3
scratch,0,gw,29,114.7,8.8
scratch,0,gw,30,114.3,-6.1
scratch,0,gw,31,116.1,-7.4
scratch,0,gw,32,115.1,-1.5
scratch,0,gw,33,116.1,-12.0
scratch,0,gw,34,114.6,-8.8
scratch,0,gw,35,117.4,6.7
scratch,0,gw,36,106.6,6.8
scratch,0,gw,37,113.2,-9.6
scratch,0,gw,38,107.6,7.0
scratch,0,gw,39,115.0,4.9
scratch,0,gw,40,121.0,15.1
scratch,0,gw,41,111.6,6.0
scratch,0,gw,42,114.3,10.7
scratch,0,gw,43,117.1,5.1
scratch,0,gw,44,104.6,10.0
scratch,0,gw,45,111.4,-11.9
scratch,0,gw,46,115.3,-0.7
scratch,0,gw,47,101.0,0.1
scratch,0,gw,48,109.4,-1.9
scratch,0,gw,49,118.6,4.8
scratch,0,gw,50,118.1,6.6
scratch,0,gw,51,115.4,4.3
scratch,0,gw,52,117.6,-1.2
scratch,0,gw,53,114.7,-6.6
scratch,0,gw,54,116.2,11.1
scratch,0,gw,55,112.3,3.9
scratch,0,gw,56,114.2,-9.3
scratch,0,gw,57,111.0,-1.4
scratch,0,gw,58,119.3,-16.3
scratch,0,gw,59,120.4,0.8
scratch,0,gw,60,119.8,-1.4
scratch,0,gw,61,111.9,-5.0
scratch,0,gw,62,109.5,15.8
scratch,0,gw,63,119.4,-10.7
scratch,0,gw,64,116.1,7.3
scratch,0,gw,65,115.2,21.6
scratch,0,gw,66,110.9,10.9
scratch,0,gw,67,115.6,0.2
scratch,0,gw,68,109.0,-10.5
scratch,0,gw,69,116.5,-12.7
scratch,0,gw,70,119.8,-3.5
scratch,0,gw,71,120.9,-6.1
scratch,0,gw,72,116.9,-6.4
scratch,0,gw,73,107.7,-2.7
scratch,0,gw,74,114.6,-0.5
scratch,0,gw,75,123.1,5.2
scratch,0,gw,76,109.9,-11.5
scratch,0,gw,77,113.5,-6.1
scratch,0,gw,78,120.0,-1.0
scratch,0,gw,79,116.4,-1.4
scratch,0,gw,80,124.6,18.2
scratch,0,gw,81,110.5,2.7
scratch,0,gw,82,109.4,-15.1
scratch,0,gw,83,119.1,4.5
scratch,0,gw,84,108.5,5.8
scratch,0,gw,85,112.9,-0.7
scratch,0,gw,86,113.4,-11.2
scratch,0,gw,87,118.3,17.5
scratch,0,gw,88,116.4,-9.8
scratch,0,gw,89,115.7,6.9
scratch,0,gw,90,112.0,2.4
scratch,0,gw,91,119.1,6.3
scratch,0,gw,92,131.4,17.0
scratch,0,gw,93,116.8,5.9
scratch,0,gw,94,114.2,-4.9
scratch,0,gw,95,108.0,11.2
scratch,0,gw,96,110.9,-5.6
scratch,0,gw,97,112.8,2.1
scratch,0,gw,98,111.4,-12.0
scratch,0,gw,99,113.7,-9.5
scratch,0,gw,100,121.6,1.0
4_hcp,4,gw,1,109.0,12.1
4_hcp,4,gw,2,97.4,-5.0
4_hcp,4,gw,3,109.8,6.7
4_hcp,4,gw,4,102.4,4.1
4_hcp,4,gw,5,114.2,-13.0
4_hcp,4,gw,6,105.0,6.2
4_hcp,4,gw,7,100.7,-13.2
4_hcp,4,gw,8,107.4,7.3
4_hcp,4,gw,9,101.8,-4.1
4_hcp,4,gw,10,114.1,1.1
4_hcp,4,gw,11,107.0,-12.0
4_hcp,4,gw,12,106.1,2.2
4_hcp,4,gw,13,110.3,10.3
4_hcp,4,gw,14,101.3,-7.1
4_hcp,4,gw,15,99.7,-5.1
4_hcp,4,gw,16,109.3,5.6
4_hcp,4,gw,17,100.8,5.8
4_hcp,4,gw,18,100.8,-23.4
4_hcp,4,gw,19,111.7,21.2
4_hcp,4,gw,20,109.9,6.3
4_hcp,4,gw,21,99.9,8.0
4_hcp,4,gw,22,103.5,-0.4
4_hcp,4,gw,23,101.9,-17.6
4_hcp,4,gw,24,116.9,7.8
4_hcp,4,gw,25,112.1,-4.7
4_hcp,4,gw,26,104.6,6.4
4_hcp,4,gw,27,110.2,-1.2
4_hcp,4,gw,28,99.4,3.4
4_hcp,4,gw,29,103.2,-6.8
4_hcp,4,gw,30,107.6,9.7
4_hcp,4,gw,31,109.5,-10.9
4_hcp,4,gw,32,106.4,23.5
4_hcp,4,gw,33,108.4,23.4
4_hcp,4,gw,34,107.4,17.3
4_hcp,4,gw,35,106.1,13.8
4_hcp,4,gw,36,105.3,0.2
4_hcp,4,gw,37,104.6,12.7
4_hcp,4,gw,38,108.3,0.0
4_hcp,4,gw,39,109.3,-14.6
4_hcp,4,gw,40,108.1,16.0
4_hcp,4,gw,41,100.4,12.3
4_hcp,4,gw,42,101.4,0.7
4_hcp,4,gw,43,109.2,-11.3
4_hcp,4,gw,44,115.2,-4.9
4_hcp,4,gw,45,107.8,-17.2
4_hcp,4,gw,46,104.7,10.5
4_hcp,4,gw,47,108.2,-15.1
4_hcp,4,gw,48,100.6,3.9
4_hcp,4,gw,49,114.3,-7.4
4_hcp,4,gw,50,108.0,-13.3
4_hcp,4,gw,51,103.2,3.4
4_hcp,4,gw,52,106.0,-2.3
4_hcp,4,gw,53,104.0,9.4
4_hcp,4,gw,54,114.3,-11.7
4_hcp,4,gw,55,105.8,-6.6
4_hcp,4,gw,56,107.8,-22.9
4_hcp,4,gw,57,110.2,-20.9
4_hcp,4,gw,58,102.8,19.0
4_hcp,4,gw,59,108.1,21.9
4_hcp,4,gw,60,108.5,1.9
4_hcp,4,gw,61,98.3,-7.2
4_hcp,4,gw,62,108.4,-2.0
4_hcp,4,gw,63,106.7,9.7
4_hcp,4,gw,64,107.7,-4.1
4_hcp,4,gw,65,107.2,3.4
4_hcp,4,gw,66,108.4,0.9
4_hcp,4,gw,67,114.5,-4.7
4_hcp,4,gw,68,100.4,-4.3
4_hcp,4,gw,69,105.1,3.9
4_hcp,4,gw,70,110.7,-8.8
4_hcp,4,gw,71,109.7,5.5
4_hcp,4,gw,72,109.6,-3.7
4_hcp,4,gw,73,122.4,2.3
4_hcp,4,gw,74,110.4,14.9
4_hcp,4,gw,75,113.3,-0.7
4_hcp,4,gw,76,105.3,10.2
4_hcp,4,gw,77,101.4,-16.9
4_hcp,4,gw,78,105.2,-3.7
4_hcp,4,gw,79,111.0,1.3
4_hcp,4,gw,80,109.3,20.3
4_hcp,4,gw,81,109.2,-18.6
4_hcp,4,gw,82,105.8,0.0
4_hcp,4,gw,83,104.9,15.6
4_hcp,4,gw,84,106.0,-6.9
4_hcp,4,gw,85,111.0,-1.1
4_hcp,4,gw,86,111.7,4.3
4_hcp,4,gw,87,101.3,2.8
4_hcp,4,gw,88,111.3,16.7
4_hcp,4,gw,89,103.3,5.5
4_hcp,4,gw,90,109.6,14.3
4_hcp,4,gw,91,105.9,-2.6
4_hcp,4,gw,92,115.8,-6.4
4_hcp,4,gw,93,104.6,-1.3
4_hcp,4,gw,94,108.0,-10.6
4_hcp,4,gw,95,110.4,5.8
4_hcp,4,gw,96,102.1,-2.9
4_hcp,4,gw,97,106.6,-5.7
4_hcp,4,gw,98,105.5,6.0
4_hcp,4,gw,99,104.1,-10.4
4_hcp,4,gw,100,104.5,8.7
8_hcp,8,gw,1,96.8,2.4
8_hcp,8,gw,2,107.7,4.2
8_hcp,8,gw,3,97.4,-6.0
8_hcp,8,gw,4,104.2,-13.3
8_hcp,8,gw,5,101.2,-9.9
8_hcp,8,gw,6,104.9,2.5
8_hcp,8,gw,7,100.7,-1.1
8_hcp,8,gw,8,89.0,-13.5
8_hcp,8,gw,9,106.7,1.6
8_hcp,8,gw,10,99.4,-1.4
8_hcp,8,gw,11,105.2,-10.4
8_hcp,8,gw,12,104.6,-1.9
8_hcp,8,gw,13,94.9,-1.4
8_hcp,8,gw,14,93.9,-4.5
8_hcp,8,gw,15,104.3,11.8
8_hcp,8,gw,16,98.0,-18.1
8_hcp,8,gw,17,106.2,-19.0
8_hcp,8,gw,18,98.8,2.0
8_hcp,8,gw,19,106.8,3.0
8_hcp,8,gw,20,102.8,6.3
8_hcp,8,gw,21,101.9,-3.7
8_hcp,8,gw,22,97.5,-7.7
8_hcp,8,gw,23,101.5,1.9
8_hcp,8,gw,24,107.9,-2.7
8_hcp,8,gw,25,99.6,18.4
8_hcp,8,gw,26,103.5,-1.4
8_hcp,8,gw,27,100.3,1.4
8_hcp,8,gw,28,100.8,28.2
8_hcp,8,gw,29,111.4,-0.1
8_hcp,8,gw,30,108.0,7.9
8_hcp,8,gw,31,100.5,8.8
8_hcp,8,gw,32,101.4,9.7
8_hcp,8,gw,33,95.3,5.1
8_hcp,8,gw,34,98.8,4.0
8_hcp,8,gw,35,102.0,3.1
8_hcp,8,gw,36,105.6,-4.1
8_hcp,8,gw,37,105.0,5.4
8_hcp,8,gw,38,92.6,23.4
8_hcp,8,gw,39,106.5,14.8
8_hcp,8,gw,40,99.4,5.2
8_hcp,8,gw,41,93.5,11.0
8_hcp,8,gw,42,108.9,-7.2
8_hcp,8,gw,43,109.7,-0.8
8_hcp,8,gw,44,101.7,12.0
8_hcp,8,gw,45,104.7,17.7
8_hcp,8,gw,46,105.1,-6.1
8_hcp,8,gw,47,109.2,-3.1
8_hcp,8,gw,48,104.8,25.0
8_hcp,8,gw,49,91.2,3.0
8_hcp,8,gw,50,113.3,21.3
8_hcp,8,gw,51,107.1,4.2
8_hcp,8,gw,52,96.6,4.6
8_hcp,8,gw,53,93.2,-1.2
8_hcp,8,gw,54,103.3,12.0
8_hcp,8,gw,55,98.2,16.3
8_hcp,8,gw,56,102.2,-8.9
8_hcp,8,gw,57,104.9,-1.7
8_hcp,8,gw,58,96.2,11.7
8_hcp,8,gw,59,92.6,0.6
8_hcp,8,gw,60,102.6,-3.2
8_hcp,8,gw,61,96.5,12.7
8_hcp,8,gw,62,101.0,13.7
8_hcp,8,gw,63,91.1,-2.7
8_hcp,8,gw,64,98.3,4.2
8_hcp,8,gw,65,104.7,-10.8
8_hcp,8,gw,66,104.0,-7.5
8_hcp,8,gw,67,94.8,3.3
8_hcp,8,gw,68,92.3,2.3
8_hcp,8,gw,69,100.1,-8.2
8_hcp,8,gw,70,103.7,-5.6
8_hcp,8,gw,71,102.7,-9.3
8_hcp,8,gw,72,96.6,6.8
8_hcp,8,gw,73,102.0,-18.8
8_hcp,8,gw,74,110.0,-8.7
8_hcp,8,gw,75,101.4,-17.7
8_hcp,8,gw,76,89.2,6.4
8_hcp,8,gw,77,101.3,-17.0
8_hcp,8,gw,78,113.5,2.3
8_hcp,8,gw,79,91.5,19.3
8_hcp,8,gw,80,100.2,19.7
8_hcp,8,gw,81,98.5,-17.1
8_hcp,8,gw,82,100.6,5.2
8_hcp,8,gw,83,101.3,-8.4
8_hcp,8,gw,84,107.6,-10.6
8_hcp,8,gw,85,100.6,0.8
8_hcp,8,gw,86,108.5,15.0
8_hcp,8,gw,87,99.2,8.3
8_hcp,8,gw,88,97.7,-5.6
8_hcp,8,gw,89,95.6,9.4
8_hcp,8,gw,90,87.9,-21.7
8_hcp,8,gw,91,101.8,-6.0
8_hcp,8,gw,92,113.6,-6.7
8_hcp,8,gw,93,103.0,2.8
8_hcp,8,gw,94,104.5,-0.1
8_hcp,8,gw,95,97.3,0.5
8_hcp,8,gw,96,98.4,0.2
8_hcp,8,gw,97,106.5,2.2
8_hcp,8,gw,98,113.3,7.7
8_hcp,8,gw,99,109.9,3.6
8_hcp,8,gw,100,105.3,-1.0
12_hcp,12,gw,1,97.1,-12.4
12_hcp,12,gw,2,100.4,-10.5
12_hcp,12,gw,3,89.9,3.1
12_hcp,12,gw,4,93.6,16.4
12_hcp,12,gw,5,102.9,-3.7
12_hcp,12,gw,6,85.7,-2.3
12_hcp,12,gw,7,107.8,0.6
12_hcp,12,gw,8,84.0,9.4
12_hcp,12,gw,9,91.5,-2.3
12_hcp,12,gw,10,86.9,-2.9
12_hcp,12,gw,11,110.7,-11.9
12_hcp,12,gw,12,90.3,-3.3
12_hcp,12,gw,13,90.3,16.1
12_hcp,12,gw,14,91.3,4.0
12_hcp,12,gw,15,94.8,-5.2
12_hcp,12,gw,16,91.6,16.7
12_hcp,12,gw,17,93.1,-3.5
12_hcp,12,gw,18,67.4,18.8
12_hcp,12,gw,19,94.5,18.6
12_hcp,12,gw,20,94.2,3.6
12_hcp,12,gw,21,102.0,-13.6
12_hcp,12,gw,22,104.0,28.4
12_hcp,12,gw,23,92.7,7.3
12_hcp,12,gw,24,100.3,-0.6
12_hcp,12,gw,25,85.8,13.6
12_hcp,12,gw,26,99.9,10.8
12_hcp,12,gw,27,89.8,17.6
12_hcp,12,gw,28,85.1,-4.4
12_hcp,12,gw,29,92.7,6.5
12_hcp,12,gw,30,104.7,-10.2
12_hcp,12,gw,31,95.5,10.4
12_hcp,12,gw,32,105.4,2.7
12_hcp,12,gw,33,88.4,6.1
12_hcp,12,gw,34,102.0,1.4
12_hcp,12,gw,35,89.2,0.2
12_hcp,12,gw,36,95.8,-6.6
12_hcp,12,gw,37,95.7,11.8
12_hcp,12,gw,38,99.1,19.5
12_hcp,12,gw,39,96.0,-3.2
12_hcp,12,gw,40,88.5,9.1
12_hcp,12,gw,41,100.8,7.8
12_hcp,12,gw,42,107.2,3.1
12_hcp,12,gw,43,89.7,-14.0
12_hcp,12,gw,44,80.2,-11.5
12_hcp,12,gw,45,97.9,-5.7
12_hcp,12,gw,46,91.6,-20.8
12_hcp,12,gw,47,93.1,18.6
12_hcp,12,gw,48,98.3,7.1
12_hcp,12,gw,49,90.6,2.7
12_hcp,12,gw,50,92.1,-21.3
12_hcp,12,gw,51,93.3,-17.3
12_hcp,12,gw,52,105.2,3.0
12_hcp,12,gw,53,94.3,24.9
12_hcp,12,gw,54,84.7,-4.8
12_hcp,12,gw,55,85.0,12.6
12_hcp,12,gw,56,95.2,-2.3
12_hcp,12,gw,57,85.5,3.6
12_hcp,12,gw,58,82.3,16.5
12_hcp,12,gw,59,98.9,-0.8
12_hcp,12,gw,60,99.3,-4.7
12_hcp,12,gw,61,91.3,18.7
12_hcp,12,gw,62,96.3,3.5
12_hcp,12,gw,63,95.5,15.1
12_hcp,12,gw,64,98.7,-4.6
12_hcp,12,gw,65,98.7,18.6
12_hcp,12,gw,66,74.4,6.0
12_hcp,12,gw,67,92.3,7.8
12_hcp,12,gw,68,98.0,4.5
12_hcp,12,gw,69,91.0,-2.6
12_hcp,12,gw,70,94.4,3.0
12_hcp,12,gw,71,99.8,-1.9
12_hcp,12,gw,72,94.7,13.7
12_hcp,12,gw,73,105.5,0.7
12_hcp,12,gw,74,102.6,-13.6
12_hcp,12,gw,75,93.2,-15.6
12_hcp,12,gw,76,92.6,-16.2
12_hcp,12,gw,77,72.5,9.9
12_hcp,12,gw,78,91.6,-9.8
12_hcp,12,gw,79,83.9,6.3
12_hcp,12,gw,80,95.8,4.5
12_hcp,12,gw,81,95.3,2.3
12_hcp,12,gw,82,99.4,7.9
12_hcp,12,gw,83,104.7,4.8
12_hcp,12,gw,84,93.9,-27.1
12_hcp,12,gw,85,111.4,-0.6
12_hcp,12,gw,86,95.9,7.7
12_hcp,12,gw,87,84.2,21.2
12_hcp,12,gw,88,89.8,21.7
12_hcp,12,gw,89,91.3,-12.1
12_hcp,12,gw,90,98.6,-0.9
12_hcp,12,gw,91,86.9,-14.4
12_hcp,12,gw,92,91.8,19.9
12_hcp,12,gw,93,92.9,14.2
12_hcp,12,gw,94,90.7,6.9
12_hcp,12,gw,95,100.2,4.8
12_hcp,12,gw,96,99.0,18.3
12_hcp,12,gw,97,102.9,16.5
12_hcp,12,gw,98,91.6,15.9
12_hcp,12,gw,99,103.2,8.1
12_hcp,12,gw,100,83.8,-0.9
scratch,0,sw,1,96.6,17.0
scratch,0,sw,2,96.8,-11.4
scratch,0,sw,3,93.2,-10.6
scratch,0,sw,4,92.6,4.9
scratch,0,sw,5,98.0,13.2
scratch,0,sw,6,99.9,2.0
scratch,0,sw,7,91.1,8.3
scratch,0,sw,8,92.9,-15.1
scratch,0,sw,9,95.1,-3.4
scratch,0,sw,10,95.6,-14.1
scratch,0,sw,11,92.0,6.6
scratch,0,sw,12,100.7,-11.6
scratch,0,sw,13,95.4,-9.5
scratch,0,sw,14,95.8,4.5
scratch,0,sw,15,100.3,8.8
scratch,0,sw,16,92.2,-0.7
scratch,0,sw,17,93.5,5.0
scratch,0,sw,18,89.3,4.7
scratch,0,sw,19,93.2,-1.2
scratch,0,sw,20,88.4,-8.1
scratch,0,sw,21,96.6,4.9
scratch,0,sw,22,95.4,5.3
scratch,0,sw,23,92.9,7.5
scratch,0,sw,24,93.5,2.9
scratch,0,sw,25,96.6,-8.6
scratch,0,sw,26,89.7,5.9
scratch,0,sw,27,94.6,0.5
scratch,0,sw,28,96.4,-3.3
scratch,0,sw,29,87.4,-1.8
scratch,0,sw,30,96.3,-4.9
scratch,0,sw,31,87.8,7.4
scratch,0,sw,32,93.4,-10.6
scratch,0,sw,33,89.6,-7.3
scratch,0,sw,34,99.1,-2.1
scratch,0,sw,35,89.7,13.1
scratch,0,sw,36,87.9,8.7
scratch,0,sw,37,94.3,-12.3
scratch,0,sw,38,92.4,11.1
scratch,0,sw,39,88.4,11.0
scratch,0,sw,40,95.8,-8.7
scratch,0,sw,41,86.6,-19.2
scratch,0,sw,42,90.1,-0.1
scratch,0,sw,43,91.8,9.3
scratch,0,sw,44,96.8,12.9
scratch,0,sw,45,98.6,-6.3
scratch,0,sw,46,97.9,14.2
scratch,0,sw,47,93.3,-16.9
scratch,0,sw,48,85.0,-2.4
scratch,0,sw,49,95.3,-2.8
scratch,0,sw,50,99.2,9.5
scratch,0,sw,51,98.3,10.6
scratch,0,sw,52,95.5,8.0
scratch,0,sw,53,89.5,-10.0
scratch,0,sw,54,92.0,7.2
scratch,0,sw,55,100.9,4.5
scratch,0,sw,56,88.7,-12.6
scratch,0,sw,57,89.7,-15.6
scratch,0,sw,58,97.3,8.6
scratch,0,sw,59,92.3,-0.9
scratch,0,sw,60,89.6,-9.5
scratch,0,sw,61,99.4,-1.1
scratch,0,sw,62,95.5,3.3
scratch,0,sw,63,92.5,-0.1
scratch,0,sw,64,89.7,-11.6
scratch,0,sw,65,101.3,15.2
scratch,0,sw,66,93.8,8.3
scratch,0,sw,67,98.9,-2.1
scratch,0,sw,68,97.1,-1.8
scratch,0,sw,69,92.0,3.3
scratch,0,sw,70,92.0,-8.3
scratch,0,sw,71,99.1,3.0
scratch,0,sw,72,99.2,-9.9
scratch,0,sw,73,87.0,-0.1
scratch,0,sw,74,95.9,-8.6
scratch,0,sw,75,93.4,-8.2
scratch,0,sw,76,90.1,13.4
scratch,0,sw,77,94.8,1.0
scratch,0,sw,78,89.0,2.1
scratch,0,sw,79,92.2,-15.2
scratch,0,sw,80,91.0,-4.2
scratch,0,sw,81,92.0,4.1
scratch,0,sw,82,93.6,2.0
scratch,0,sw,83,90.2,-16.3
scratch,0,sw,84,99.6,2.1
scratch,0,sw,85,95.7,3.4
scratch,0,sw,86,100.4,10.5
scratch,0,sw,87,93.3,-4.6
scratch,0,sw,88,91.9,-17.0
scratch,0,sw,89,100.2,-7.3
scratch,0,sw,90,91.8,-8.1
scratch,0,sw,91,93.2,6.3
scratch,0,sw,92,96.5,-20.7
scratch,0,sw,93,89.4,-3.0
scratch,0,sw,94,96.4,11.6
scratch,0,sw,95,96.0,0.6
scratch,0,sw,96,98.5,7.5
scratch,0,sw,97,97.1,-12.3
scratch,0,sw,98,98.6,-12.0
scratch,0,sw,99,93.5,11.7
scratch,0,sw,100,90.7,1.3
4_hcp,4,sw,1,88.7,12.8
4_hcp,4,sw,2,83.1,4.7
4_hcp,4,sw,3,88.7,-5.2
4_hcp,4,sw,4,83.0,2.3
4_hcp,4,sw,5,93.8,-5.7
4_hcp,4,sw,6,100.9,4.4
4_hcp,4,sw,7,90.5,5.2
4_hcp,4,sw,8,85.3,-10.1
4_hcp,4,sw,9,76.5,2.4
4_hcp,4,sw,10,80.5,0.0
4_hcp,4,sw,11,95.5,5.4
4_hcp,4,sw,12,83.5,7.8
4_hcp,4,sw,13,86.5,4.9
4_hcp,4,sw,14,91.3,-1.5
4_hcp,4,sw,15,95.1,8.6
4_hcp,4,sw,16,87.3,-6.1
4_hcp,4,sw,17,86.4,-9.7
4_hcp,4,sw,18,88.6,-25.0
4_hcp,4,sw,19,85.4,0.4
4_hcp,4,sw,20,85.6,-5.7
4_hcp,4,sw,21,90.2,4.2
4_hcp,4,sw,22,89.1,-15.0
4_hcp,4,sw,23,98.2,-4.3
4_hcp,4,sw,24,90.3,4.8
4_hcp,4,sw,25,93.6,-7.4
4_hcp,4,sw,26,83.3,4.3
4_hcp,4,sw,27,90.7,-3.5
4_hcp,4,sw,28,84.9,0.7
4_hcp,4,sw,29,90.1,5.8
4_hcp,4,sw,30,91.5,8.7
4_hcp,4,sw,31,88.5,1.8
4_hcp,4,sw,32,99.4,-5.6
4_hcp,4,sw,33,94.9,-2.7
4_hcp,4,sw,34,93.7,6.2
4_hcp,4,sw,35,91.8,-7.3
4_hcp,4,sw,36,96.5,-0.4
4_hcp,4,sw,37,81.6,-2.1
4_hcp,4,sw,38,94.6,0.2
4_hcp,4,sw,39,83.7,-7.2
4_hcp,4,sw,40,85.7,-14.0
4_hcp,4,sw,41,90.9,5.2
4_hcp,4,sw,42,94.0,8.8
4_hcp,4,sw,43,82.9,-13.6
4_hcp,4,sw,44,85.9,4.0
4_hcp,4,sw,45,88.7,9.8
4_hcp,4,sw,46,87.4,5.8
4_hcp,4,sw,47,92.2,-2.4
4_hcp,4,sw,48,104.2,-6.7
4_hcp,4,sw,49,90.2,1.7
4_hcp,4,sw,50,84.9,3.0
4_hcp,4,sw,51,82.3,1.8
4_hcp,4,sw,52,86.8,-0.5
4_hcp,4,sw,53,83.9,-7.8
4_hcp,4,sw,54,90.4,4.4
4_hcp,4,sw,55,90.4,4.8
4_hcp,4,sw,56,86.1,2.6
4_hcp,4,sw,57,97.5,1.9
4_hcp,4,sw,58,84.9,14.6
4_hcp,4,sw,59,87.7,-4.1
4_hcp,4,sw,60,91.2,11.4
4_hcp,4,sw,61,92.4,-5.0
4_hcp,4,sw,62,94.2,10.0
4_hcp,4,sw,63,90.3,11.0
4_hcp,4,sw,64,93.1,-1.4
4_hcp,4,sw,65,85.2,14.5
4_hcp,4,sw,66,92.5,4.8
4_hcp,4,sw,67,92.5,-6.1
4_hcp,4,sw,68,95.3,-2.0
4_hcp,4,sw,69,80.5,10.2
4_hcp,4,sw,70,84.1,8.5
4_hcp,4,sw,71,92.1,-7.6
4_hcp,4,sw,72,76.0,-0.1
4_hcp,4,sw,73,90.6,2.7
4_hcp,4,sw,74,93.2,-3.1
4_hcp,4,sw,75,85.6,20.1
4_hcp,4,sw,76,86.3,2.9
4_hcp,4,sw,77,83.3,0.5
4_hcp,4,sw,78,85.8,10.7
4_hcp,4,sw,79,86.0,-2.0
4_hcp,4,sw,80,85.1,9.2
4_hcp,4,sw,81,84.8,-12.5
4_hcp,4,sw,82,87.0,-2.7
4_hcp,4,sw,83,87.0,9.5
4_hcp,4,sw,84,97.0,13.8
4_hcp,4,sw,85,86.4,-5.3
4_hcp,4,sw,86,89.9,-6.2
4_hcp,4,sw,87,85.6,5.6
4_hcp,4,sw,88,85.5,-4.1
4_hcp,4,sw,89,80.4,-1.2
4_hcp,4,sw,90,81.0,8.1
4_hcp,4,sw,91,82.7,-3.4
4_hcp,4,sw,92,89.1,-15.0
4_hcp,4,sw,93,93.3,-9.6
4_hcp,4,sw,94,80.0,1.1
4_hcp,4,sw,95,85.7,-14.1
4_hcp,4,sw,96,81.9,-1.4
4_hcp,4,sw,97,87.0,-10.3
4_hcp,4,sw,98,93.3,14.3
4_hcp,4,sw,99,86.2,18.6
4_hcp,4,sw,100,88.0,-7.6
8_hcp,8,sw,1,83.8,1.0
8_hcp,8,sw,2,77.1,-6.1
8_hcp,8,sw,3,80.7,5.3
8_hcp,8,sw,4,92.3,1.4
8_hcp,8,sw,5,79.8,-3.4
8_hcp,8,sw,6,80.8,2.4
8_hcp,8,sw,7,77.2,0.9
8_hcp,8,sw,8,88.7,0.7
8_hcp,8,sw,9,64.5,-1.5
8_hcp,8,sw,10,80.0,-9.2
8_hcp,8,sw,11,82.1,2.6
8_hcp,8,sw,12,78.8,-4.9
8_hcp,8,sw,13,87.1,-6.8
8_hcp,8,sw,14,89.0,-0.1
8_hcp,8,sw,15,74.6,8.3
8_hcp,8,sw,16,93.9,3.6
8_hcp,8,sw,17,74.6,-2.6
8_hcp,8,sw,18,89.5,-2.9
8_hcp,8,sw,19,83.2,7.5
8_hcp,8,sw,20,79.6,-18.6
8_hcp,8,sw,21,80.1,8.8
8_hcp,8,sw,22,82.2,-14.1
8_hcp,8,sw,23,83.5,-10.1
8_hcp,8,sw,24,77.3,-2.4
8_hcp,8,sw,25,81.1,20.6
8_hcp,8,sw,26,78.2,16.4
8_hcp,8,sw,27,75.7,8.1
8_hcp,8,sw,28,77.9,5.1
8_hcp,8,sw,29,76.1,-14.0
8_hcp,8,sw,30,80.1,3.3
8_hcp,8,sw,31,84.8,-2.7
8_hcp,8,sw,32,83.0,-5.0
8_hcp,8,sw,33,93.2,3.3
8_hcp,8,sw,34,70.3,-2.0
8_hcp,8,sw,35,85.0,9.5
8_hcp,8,sw,36,82.4,-14.6
8_hcp,8,sw,37,86.9,2.6
8_hcp,8,sw,38,86.3,-5.5
8_hcp,8,sw,39,81.5,-1.5
8_hcp,8,sw,40,83.3,4.6
8_hcp,8,sw,41,78.3,-7.6
8_hcp,8,sw,42,85.8,3.4
8_hcp,8,sw,43,72.1,0.2
8_hcp,8,sw,44,86.6,-3.7
8_hcp,8,sw,45,82.3,-2.0
8_hcp,8,sw,46,79.7,0.7
8_hcp,8,sw,47,81.1,-4.6
8_hcp,8,sw,48,81.5,2.1
8_hcp,8,sw,49,89.5,-0.4
8_hcp,8,sw,50,100.1,-3.2
8_hcp,8,sw,51,89.1,15.6
8_hcp,8,sw,52,79.3,5.6
8_hcp,8,sw,53,85.8,-1.3
8_hcp,8,sw,54,86.1,3.3
8_hcp,8,sw,55,77.3,-6.8
8_hcp,8,sw,56,75.5,-1.7
8_hcp,8,sw,57,82.0,-0.7
8_hcp,8,sw,58,86.8,-8.7
8_hcp,8,sw,59,73.6,5.3
8_hcp,8,sw,60,78.4,-2.3
8_hcp,8,sw,61,85.5,-1.1
8_hcp,8,sw,62,82.6,-2.9
8_hcp,8,sw,63,90.2,27.4
8_hcp,8,sw,64,74.7,-3.7
8_hcp,8,sw,65,95.3,-15.8
8_hcp,8,sw,66,74.0,-11.7
8_hcp,8,sw,67,71.3,8.5
8_hcp,8,sw,68,82.1,13.5
8_hcp,8,sw,69,76.2,-3.9
8_hcp,8,sw,70,82.2,13.0
8_hcp,8,sw,71,82.0,8.4
8_hcp,8,sw,72,81.3,0.4
8_hcp,8,sw,73,77.8,-0.2
8_hcp,8,sw,74,84.8,3.6
8_hcp,8,sw,75,80.6,9.5
8_hcp,8,sw,76,88.4,5.4
8_hcp,8,sw,77,81.4,-3.8
8_hcp,8,sw,78,77.1,0.5
8_hcp,8,sw,79,73.1,19.0
8_hcp,8,sw,80,81.4,4.2
8_hcp,8,sw,81,75.4,9.5
8_hcp,8,sw,82,75.0,6.6
8_hcp,8,sw,83,85.3,4.3
8_hcp,8,sw,84,72.6,2.9
8_hcp,8,sw,85,90.1,9.7
8_hcp,8,sw,86,83.3,8.2
8_hcp,8,sw,87,82.1,4.3
8_hcp,8,sw,88,76.7,-4.0
8_hcp,8,sw,89,86.6,5.3
8_hcp,8,sw,90,82.4,1.4
8_hcp,8,sw,91,78.6,-0.6
8_hcp,8,sw,92,83.5,25.0
8_hcp,8,sw,93,73.2,-11.2
8_hcp,8,sw,94,73.4,10.2
8_hcp,8,sw,95,76.2,-5.4
8_hcp,8,sw,96,84.3,3.1
8_hcp,8,sw,97,82.4,24.0
8_hcp,8,sw,98,88.1,-6.3
8_hcp,8,sw,99,77.3,-4.2
8_hcp,8,sw,100,85.5,1.8
12_hcp,12,sw,1,72.3,-15.3
12_hcp,12,sw,2,83.1,-3.8
12_hcp,12,sw,3,74.2,-8.1
12_hcp,12,sw,4,81.7,19.5
12_hcp,12,sw,5,69.2,2.9
12_hcp,12,sw,6,66.2,11.5
12_hcp,12,sw,7,76.1,0.4
12_hcp,12,sw,8,67.7,1.4
12_hcp,12,sw,9,87.1,2.7
12_hcp,12,sw,10,68.0,13.0
12_hcp,12,sw,11,71.1,5.8
12_hcp,12,sw,12,80.2,-6.6
12_hcp,12,sw,13,73.9,17.7
12_hcp,12,sw,14,68.0,0.3
12_hcp,12,sw,15,90.4,-1.1
12_hcp,12,sw,16,71.3,-22.6
12_hcp,12,sw,17,76.3,8.7
12_hcp,12,sw,18,76.3,3.9
12_hcp,12,sw,19,82.0,3.9
12_hcp,12,sw,20,80.5,-0.6
12_hcp,12,sw,21,72.4,-2.2
12_hcp,12,sw,22,75.5,-0.3
12_hcp,12,sw,23,76.1,7.2
12_hcp,12,sw,24,82.3,8.8
12_hcp,12,sw,25,70.2,0.9
12_hcp,12,sw,26,90.2,11.6
12_hcp,12,sw,27,72.8,2.3
12_hcp,12,sw,28,77.5,-1.6
12_hcp,12,sw,29,70.3,4.8
12_hcp,12,sw,30,69.4,-9.3
12_hcp,12,sw,31,72.1,5.1
12_hcp,12,sw,32,71.5,-11.0
12_hcp,12,sw,33,75.0,-6.3
12_hcp,12,sw,34,71.4,-15.3
12_hcp,12,sw,35,81.9,1.4
12_hcp,12,sw,36,72.7,17.6
12_hcp,12,sw,37,72.0,1.9
12_hcp,12,sw,38,75.1,8.8
12_hcp,12,sw,39,83.8,24.3
12_hcp,12,sw,40,78.9,6.7
12_hcp,12,sw,41,76.9,-3.9
12_hcp,12,sw,42,68.6,-2.7
12_hcp,12,sw,43,70.4,3.0
12_hcp,12,sw,44,69.6,-2.7
12_hcp,12,sw,45,85.8,-2.1
12_hcp,12,sw,46,80.9,11.9
12_hcp,12,sw,47,72.2,12.3
12_hcp,12,sw,48,74.0,-11.9
12_hcp,12,sw,49,72.4,-4.4
12_hcp,12,sw,50,72.0,-1.2
12_hcp,12,sw,51,80.5,8.4
12_hcp,12,sw,52,75.8,13.3
12_hcp,12,sw,53,90.6,27.5
12_hcp,12,sw,54,85.4,-1.2
12_hcp,12,sw,55,85.8,-0.8
12_hcp,12,sw,56,81.8,8.3
12_hcp,12,sw,57,74.9,-3.2
12_hcp,12,sw,58,81.3,1.7
12_hcp,12,sw,59,75.4,-0.8
12_hcp,12,sw,60,87.8,-20.7
12_hcp,12,sw,61,80.1,4.1
12_hcp,12,sw,62,79.2,1.3
12_hcp,12,sw,63,78.4,14.5
12_hcp,12,sw,64,88.5,3.0
12_hcp,12,sw,65,68.6,-8.4
12_hcp,12,sw,66,89.1,0.7
12_hcp,12,sw,67,76.4,-15.9
12_hcp,12,sw,68,68.8,-8.0
12_hcp,12,sw,69,72.9,8.8
12_hcp,12,sw,70,67.2,0.8
12_hcp,12,sw,71,81.7,11.4
12_hcp,12,sw,72,71.1,-14.8
12_hcp,12,sw,73,78.6,0.8
12_hcp,12,sw,74,84.7,-1.3
12_hcp,12,sw,75,73.4,11.7
12_hcp,12,sw,76,75.9,9.1
12_hcp,12,sw,77,69.4,8.8
12_hcp,12,sw,78,75.1,17.0
12_hcp,12,sw,79,93.7,-0.3
12_hcp,12,sw,80,82.5,15.1
12_hcp,12,sw,81,75.9,-6.5
12_hcp,12,sw,82,73.7,-6.8
12_hcp,12,sw,83,77.3,9.8
12_hcp,12,sw,84,78.4,-10.6
12_hcp,12,sw,85,74.9,8.2
12_hcp,12,sw,86,80.9,3.9
12_hcp,12,sw,87,71.6,12.7
12_hcp,12,sw,88,71.6,2.5
12_hcp,12,sw,89,79.9,3.5
12_hcp,12,sw,90,70.2,7.6
12_hcp,12,sw,91,82.1,-3.0
12_hcp,12,sw,92,77.5,-3.4
12_hcp,12,sw,93,66.1,7.3
12_hcp,12,sw,94,78.3,2.7
12_hcp,12,sw,95,67.0,-0.7
12_hcp,12,sw,96,81.9,2.3
12_hcp,12,sw,97,76.0,17.4
12_hcp,12,sw,98,89.2,-1.0
12_hcp,12,sw,99,84.3,-1.3
12_hcp,12,sw,100,70.9,-12.5
